unit-id	level	file	axis-a-candidates	axis-b-candidates	facet-layer	facet-status	facet-complexity
_SpocWeb.Root/_std/SpocWeb.Projective/AGeoGebra.cs:XGeoGebra	class	_SpocWeb.Root/_std/SpocWeb.Projective/AGeoGebra.cs	code/extension_method, code/unit_test, code/geometric_algebra	Mathematics\Geometry\Geometric_Algebra.md	domain	stable	3
_SpocWeb.Root/_std/SpocWeb.Projective/AGeoGebra.cs:XGeoGebra.NormAbs(IGeoGebra<T, float>)	method	_SpocWeb.Root/_std/SpocWeb.Projective/AGeoGebra.cs	code/extension_method, code/norm_computation	Mathematics\Geometry\Geometric_Algebra.md	domain	stable	2
_SpocWeb.Root/_std/SpocWeb.Projective/AGeoGebra.cs:XGeoGebra.NormAbs(IGeoGebra<T, double>)	method	_SpocWeb.Root/_std/SpocWeb.Projective/AGeoGebra.cs	code/extension_method, code/norm_computation	Mathematics\Geometry\Geometric_Algebra.md	domain	stable	2
_SpocWeb.Root/_std/SpocWeb.Projective/AGeoGebra.cs:XGeoGebra.Grade2DTests()	method	_SpocWeb.Root/_std/SpocWeb.Projective/AGeoGebra.cs	code/test_data_generation	Mathematics\Geometry\Geometric_Algebra.md	generator	stable	2
_SpocWeb.Root/_std/SpocWeb.Projective/AGeoGebra.cs:XGeoGebra.Grade3DTests()	method	_SpocWeb.Root/_std/SpocWeb.Projective/AGeoGebra.cs	code/test_data_generation	Mathematics\Geometry\Geometric_Algebra.md	generator	stable	2
_SpocWeb.Root/_std/SpocWeb.Projective/AGeoGebra.cs:XGeoGebra.MinGrade(Pga2D)	method	_SpocWeb.Root/_std/SpocWeb.Projective/AGeoGebra.cs	code/extension_method, code/grade_computation	Mathematics\Geometry\Geometric_Algebra.md	domain	stable	1
_SpocWeb.Root/_std/SpocWeb.Projective/AGeoGebra.cs:XGeoGebra.MinGrade(Pga3D)	method	_SpocWeb.Root/_std/SpocWeb.Projective/AGeoGebra.cs	code/extension_method, code/grade_computation	Mathematics\Geometry\Geometric_Algebra.md	test	stable	1
_SpocWeb.Root/_std/SpocWeb.Projective/AGeoGebra.cs:XGeoGebra.MaxGrade(Pga2D)	method	_SpocWeb.Root/_std/SpocWeb.Projective/AGeoGebra.cs	code/extension_method, code/grade_computation	Mathematics\Geometry\Geometric_Algebra.md	domain	stable	2
_SpocWeb.Root/_std/SpocWeb.Projective/AGeoGebra.cs:XGeoGebra.MaxGrade(Pga3D)	method	_SpocWeb.Root/_std/SpocWeb.Projective/AGeoGebra.cs	code/extension_method, code/grade_computation	Mathematics\Geometry\Geometric_Algebra.md	test	stable	2
_SpocWeb.Root/_std/SpocWeb.Projective/AGeoGebra.cs:XGeoGebra.MinGrade(IGeoGebra<T, double>)	method	_SpocWeb.Root/_std/SpocWeb.Projective/AGeoGebra.cs	code/extension_method, code/grade_computation	Mathematics\Geometry\Geometric_Algebra.md	domain	stable	1
_SpocWeb.Root/_std/SpocWeb.Projective/AGeoGebra.cs:XGeoGebra.MaxGrade(IGeoGebra<T, double>)	method	_SpocWeb.Root/_std/SpocWeb.Projective/AGeoGebra.cs	code/extension_method, code/grade_computation	Mathematics\Geometry\Geometric_Algebra.md	domain	stable	2
_SpocWeb.Root/_std/SpocWeb.Projective/AGeoGebra.cs:XGeoGebra.MinGrade(IGeoGebra<T, float>)	method	_SpocWeb.Root/_std/SpocWeb.Projective/AGeoGebra.cs	code/extension_method, code/grade_computation	Mathematics\Geometry\Geometric_Algebra.md	domain	stable	1
_SpocWeb.Root/_std/SpocWeb.Projective/AGeoGebra.cs:XGeoGebra.MaxGrade(IGeoGebra<T, float>)	method	_SpocWeb.Root/_std/SpocWeb.Projective/AGeoGebra.cs	code/extension_method, code/grade_computation	Mathematics\Geometry\Geometric_Algebra.md	domain	stable	2
_SpocWeb.Root/_std/SpocWeb.Projective/AGeoGebra.cs:XGeoGebra.MinGrade(long,byte)	method	_SpocWeb.Root/_std/SpocWeb.Projective/AGeoGebra.cs	code/extension_method, code/grade_computation	Mathematics\Geometry\Geometric_Algebra.md	domain	stable	1
_SpocWeb.Root/_std/SpocWeb.Projective/AGeoGebra.cs:XGeoGebra.MaxNonZero(IGeoGebra<T, double>)	method	_SpocWeb.Root/_std/SpocWeb.Projective/AGeoGebra.cs	code/extension_method, code/tolerance_checking	Mathematics\Geometry\Geometric_Algebra.md	domain	stable	3
_SpocWeb.Root/_std/SpocWeb.Projective/AGeoGebra.cs:XGeoGebra.MaxNonZeroTests(Pga3D)	method	_SpocWeb.Root/_std/SpocWeb.Projective/AGeoGebra.cs	code/extension_method, code/unit_test	Mathematics\Geometry\Geometric_Algebra.md	test	stable	1
_SpocWeb.Root/_std/SpocWeb.Projective/AGeoGebra.cs:XGeoGebra.MaxNonZeroTests(Pga2D)	method	_SpocWeb.Root/_std/SpocWeb.Projective/AGeoGebra.cs	code/extension_method, code/unit_test	Mathematics\Geometry\Geometric_Algebra.md	test	stable	1
_SpocWeb.Root/_std/SpocWeb.Projective/AGeoGebra.cs:XGeoGebra.MaxNonZero(IGeoGebra<T, float>)	method	_SpocWeb.Root/_std/SpocWeb.Projective/AGeoGebra.cs	code/extension_method, code/grade_computation	Mathematics\Geometry\Geometric_Algebra.md	domain	stable	2
_SpocWeb.Root/_std/SpocWeb.Projective/AGeoGebra.cs:XGeoGebra.Pga3DTests()	method	_SpocWeb.Root/_std/SpocWeb.Projective/AGeoGebra.cs	code/test_data_generation, code/test_case_data_source	Mathematics\Geometry\Geometric_Algebra.md	generator	stable	1
_SpocWeb.Root/_std/SpocWeb.Projective/AGeoGebra.cs:XGeoGebra.Pga2DTests()	method	_SpocWeb.Root/_std/SpocWeb.Projective/AGeoGebra.cs	code/test_data_generation, code/test_case_data_source	Mathematics\Geometry\Geometric_Algebra.md	generator	stable	1
_SpocWeb.Root/_std/SpocWeb.Projective/AGeoGebra.cs:XGeoGebra.MinNonZeroTests(Pga3D)	method	_SpocWeb.Root/_std/SpocWeb.Projective/AGeoGebra.cs	code/extension_method, code/unit_test	Mathematics\Geometry\Geometric_Algebra.md	test	stable	1
_SpocWeb.Root/_std/SpocWeb.Projective/AGeoGebra.cs:XGeoGebra.MinNonZeroTests(Pga2D)	method	_SpocWeb.Root/_std/SpocWeb.Projective/AGeoGebra.cs	code/extension_method, code/unit_test	Mathematics\Geometry\Geometric_Algebra.md	test	stable	1
_SpocWeb.Root/_std/SpocWeb.Projective/AGeoGebra.cs:XGeoGebra.MinNonZero(IGeoGebra<T, float>)	method	_SpocWeb.Root/_std/SpocWeb.Projective/AGeoGebra.cs	code/extension_method, code/grade_computation	Mathematics\Geometry\Geometric_Algebra.md	domain	stable	1
_SpocWeb.Root/_std/SpocWeb.Projective/AGeoGebra.cs:XGeoGebra.MinNonZero(IGeoGebra<T, double>)	method	_SpocWeb.Root/_std/SpocWeb.Projective/AGeoGebra.cs	code/extension_method, code/tolerance_checking	Mathematics\Geometry\Geometric_Algebra.md	domain	stable	3
_SpocWeb.Root/_std/SpocWeb.Projective/AGeoGebra.cs:XGeoGebra.GetNonZeroBits(IGeoGebra<T, double>)	method	_SpocWeb.Root/_std/SpocWeb.Projective/AGeoGebra.cs	code/extension_method, code/bitmask_position_scan, code/tolerance_checking	Mathematics\Geometry\Geometric_Algebra.md	domain	stable	3
_SpocWeb.Root/_std/SpocWeb.Projective/AGeoGebra.cs:AGeoGebra	class	_SpocWeb.Root/_std/SpocWeb.Projective/AGeoGebra.cs	code/abstract_base, code/geometric_algebra	Mathematics\Geometry\Geometric_Algebra.md	domain	stable	4
_SpocWeb.Root/_std/SpocWeb.Projective	folder	_SpocWeb.Root/_std/SpocWeb.Projective	code/geometric_algebra	projective_geometric_algebra	domain	stable	2
_SpocWeb.Root/_std/SpocWeb.Projective/AGeoGebraDbl.cs:AGeoGebraDbl	class	_SpocWeb.Root/_std/SpocWeb.Projective/AGeoGebraDbl.cs	code/abstract_base, code/geometric_algebra	Mathematics\Geometry\Geometric_Algebra.md	domain	buggy	3
_SpocWeb.Root/_std/SpocWeb.Projective/IGeoGebra.cs:IGeoGebra	class	_SpocWeb.Root/_std/SpocWeb.Projective/IGeoGebra.cs	code/interface, code/geometric_algebra	Mathematics\Geometry\Geometric_Algebra.md	domain	stable	2
_SpocWeb.Root/_std/SpocWeb.Projective/IGeoGebra.cs:XGeoGebra	class	_SpocWeb.Root/_std/SpocWeb.Projective/IGeoGebra.cs	code/extension_method, code/geometric_algebra	Mathematics\Geometry\Geometric_Algebra.md	domain	stable	2
_SpocWeb.Root/_std/SpocWeb.Projective/IGeoGebra.cs:XGeoGebra.Plus(T,B)	method	_SpocWeb.Root/_std/SpocWeb.Projective/IGeoGebra.cs	code/extension_method, code/addition	Mathematics\Geometry\Geometric_Algebra.md	domain	stable	1
_SpocWeb.Root/_std/SpocWeb.Projective/IGeoGebra.cs:XGeoGebra.Minus(T,B)	method	_SpocWeb.Root/_std/SpocWeb.Projective/IGeoGebra.cs	code/extension_method, code/subtraction	Mathematics\Geometry\Geometric_Algebra.md	domain	stable	1
_SpocWeb.Root/_std/SpocWeb.Projective/IGeoGebra.cs:XGeoGebra.MinusR(T,B)	method	_SpocWeb.Root/_std/SpocWeb.Projective/IGeoGebra.cs	code/extension_method, code/subtraction	Mathematics\Geometry\Geometric_Algebra.md	domain	stable	1
_SpocWeb.Root/_std/SpocWeb.Projective/IGeoGebra.cs:XGeoGebra.Plus(T,double)	method	_SpocWeb.Root/_std/SpocWeb.Projective/IGeoGebra.cs	code/extension_method, code/scalar_addition	Mathematics\Geometry\Geometric_Algebra.md	domain	stable	1
_SpocWeb.Root/_std/SpocWeb.Projective/IGeoGebra.cs:XGeoGebra.Minus(T,double)	method	_SpocWeb.Root/_std/SpocWeb.Projective/IGeoGebra.cs	code/extension_method, code/subtraction	Mathematics\Geometry\Geometric_Algebra.md	domain	stable	1
_SpocWeb.Root/_std/SpocWeb.Projective/IGeoGebra.cs:XGeoGebra.MinusR(T,double)	method	_SpocWeb.Root/_std/SpocWeb.Projective/IGeoGebra.cs	code/extension_method, code/subtraction	Mathematics\Geometry\Geometric_Algebra.md	domain	stable	1
_SpocWeb.Root/_std/SpocWeb.Projective/IGeoGebra.cs:XGeoGebra.ProjectedOn(IGeoGebra<T,F>,IGeoGebra<T,F>)	method	_SpocWeb.Root/_std/SpocWeb.Projective/IGeoGebra.cs	code/extension_method, code/vector_projection	Mathematics\Geometry\Geometric_Algebra.md	domain	stable	2
_SpocWeb.Root/_std/SpocWeb.Projective/IGeoGebra.cs:XGeoGebra.RejectedFrom(IGeoGebra<T,F>,IGeoGebra<T,F>)	method	_SpocWeb.Root/_std/SpocWeb.Projective/IGeoGebra.cs	code/extension_method, code/vector_projection	Mathematics\Geometry\Geometric_Algebra.md	domain	stable	1
_SpocWeb.Root/_std/SpocWeb.Projective/IGeoGebra.cs:XGeoGebra.ReflectedByNormal(IGeoGebra<T,F>,IGeoGebra<T,F>)	method	_SpocWeb.Root/_std/SpocWeb.Projective/IGeoGebra.cs	code/extension_method, code/vector_reflection	Mathematics\Geometry\Geometric_Algebra.md	domain	stable	1
_SpocWeb.Root/_std/SpocWeb.Projective/pga3d.cs:XPGA3D	class	_SpocWeb.Root/_std/SpocWeb.Projective/pga3d.cs	code/extension_method, code/projective_geometric_algebra	Mathematics\Geometry\Geometric_Algebra.md	domain	stable	2
_SpocWeb.Root/_std/SpocWeb.Projective/pga3d.cs:XPGA3D.Test()	method	_SpocWeb.Root/_std/SpocWeb.Projective/pga3d.cs	code/unit_test, code/projective_geometric_algebra	Mathematics\Geometry\Geometric_Algebra.md	test	stable	2
_SpocWeb.Root/_std/SpocWeb.Projective/pga3d.cs:XPGA3D.Meet(float[],float[])	method	_SpocWeb.Root/_std/SpocWeb.Projective/pga3d.cs	code/extension_method, code/outer_product	Mathematics\Geometry\Geometric_Algebra.md	domain	stable	1
_SpocWeb.Root/_std/SpocWeb.Projective/pga3d.cs:XPGA3D.Times(float[],float[])	method	_SpocWeb.Root/_std/SpocWeb.Projective/pga3d.cs	code/extension_method, code/geometric_product	Mathematics\Geometry\Geometric_Algebra.md	domain	stable	1
_SpocWeb.Root/_std/SpocWeb.Projective/pga3d.cs:XPGA3D.Dot(IReadOnlyList<float>,IReadOnlyList<float>)	method	_SpocWeb.Root/_std/SpocWeb.Projective/pga3d.cs	code/extension_method, code/dot_product	Mathematics\Geometry\Geometric_Algebra.md	domain	stable	1
_SpocWeb.Root/_std/SpocWeb.Projective/pga3d.cs:XPGA3D.Join(IReadOnlyList<float>,IReadOnlyList<float>)	method	_SpocWeb.Root/_std/SpocWeb.Projective/pga3d.cs	code/extension_method, code/clifford_algebra	Mathematics\Geometry\Geometric_Algebra.md	domain	stable	1
_SpocWeb.Root/_std/SpocWeb.Projective/pga3d.cs:XPGA3D.MulS(PGA3D,float)	method	_SpocWeb.Root/_std/SpocWeb.Projective/pga3d.cs	code/extension_method, code/scalar_multiplication	Mathematics\Geometry\Geometric_Algebra.md	domain	stable	1
_SpocWeb.Root/_std/SpocWeb.Projective/pga3d.cs:XPGA3D.MulS16(IReadOnlyList<float>,float)	method	_SpocWeb.Root/_std/SpocWeb.Projective/pga3d.cs	code/extension_method, code/scalar_multiplication	Mathematics\Geometry\Geometric_Algebra.md	domain	stable	1
_SpocWeb.Root/_std/SpocWeb.Projective/pga3d.cs:PGA3D	class	_SpocWeb.Root/_std/SpocWeb.Projective/pga3d.cs	code/projective_geometric_algebra	Mathematics\Geometry\Geometric_Algebra.md	domain	partial	3
_SpocWeb.Root/_std/SpocWeb.Projective/PgaAssert.cs:PgaAssert	class	_SpocWeb.Root/_std/SpocWeb.Projective/PgaAssert.cs	code/assertion, code/test_helper, code/nunit	float_tolerance_comparison, multivector_components	test	stable	1
_SpocWeb.Root/_std/SpocWeb.Projective/PgaAssert.cs:PgaAssert.AreClose(IReadOnlyList<float>,IReadOnlyList<float>,double)	method	_SpocWeb.Root/_std/SpocWeb.Projective/PgaAssert.cs	code/assertion, code/numeric_comparison	float_tolerance_comparison, mixed_relative_absolute_tolerance	test	stable	1
_SpocWeb.Root/_std/SpocWeb.Projective/PgaTolerance.cs:PgaTolerance	class	_SpocWeb.Root/_std/SpocWeb.Projective/PgaTolerance.cs	code/numeric_constants, code/constant	numerical_tolerance, reproducible_test_seed	foundation	stable	1
_SpocWeb.Root/_std/SpocWeb.Projective/Program.cs:Program	class	_SpocWeb.Root/_std/SpocWeb.Projective/Program.cs	code/entry_point, code/demo	Mathematics\Geometry\Geometric_Algebra.md	scaffold	stub	1
_SpocWeb.Root/_std/SpocWeb.Projective/Program.cs:Program.Main(string[])	method	_SpocWeb.Root/_std/SpocWeb.Projective/Program.cs	code/console_entry_point, code/stub	Mathematics\Geometry\Geometric_Algebra.md	scaffold	stub	1
_SpocWeb.Root/_std/SpocWeb.Projective/xPermute.cs:xPermute	class	_SpocWeb.Root/_std/SpocWeb.Projective/xPermute.cs	code/extension_method, code/permutation, code/heaps_algorithm	Mathematics\Statistics\Combinatorics.md	domain	stable	4
_SpocWeb.Root/_std/SpocWeb.Projective/xPermute.cs:xPermute.Test()	method	_SpocWeb.Root/_std/SpocWeb.Projective/xPermute.cs	code/unit_test, code/nunit_test	Mathematics\Statistics\Combinatorics.md	test	stable	1
_SpocWeb.Root/_std/SpocWeb.Projective/xPermute.cs:xPermute.Recursive(IList<T>,int)	method	_SpocWeb.Root/_std/SpocWeb.Projective/xPermute.cs	code/heaps_algorithm, code/recursion	Mathematics\Statistics\Combinatorics.md	domain	stable	2
_SpocWeb.Root/_std/SpocWeb.Projective/xPermute.cs:xPermute.Recursive(IList<T>,int,bool)	method	_SpocWeb.Root/_std/SpocWeb.Projective/xPermute.cs	code/heaps_algorithm, code/permutation_generation, code/recursion	Mathematics\Statistics\Combinatorics.md	domain	stable	3
_SpocWeb.Root/_std/SpocWeb.Projective/xPermute.cs:xPermute.Output(IEnumerable<T>,bool)	method	_SpocWeb.Root/_std/SpocWeb.Projective/xPermute.cs	code/extension_method, code/console_output	Mathematics\Statistics\Combinatorics.md	presentation	stable	1
_SpocWeb.Root/_std/SpocWeb.Projective/xPermute.cs:xPermute.Swap(IList<T>,int,int)	method	_SpocWeb.Root/_std/SpocWeb.Projective/xPermute.cs	code/extension_method, code/swap	Technology\IT\Data\Data_Storage\Data_structure.md	utility	stable	1
_SpocWeb.Root/_std/SpocWeb.Projective/xPermute.cs:xPermute.Permute(IList<T>,int)	method	_SpocWeb.Root/_std/SpocWeb.Projective/xPermute.cs	code/extension_method, code/permutation_generation, code/custom_iterator	Mathematics\Statistics\Combinatorics.md	domain	stable	4
_SpocWeb.Root/_std/SpocWeb.Projective/ga/AGeoGebra16.cs:AGeoGebra16	class	_SpocWeb.Root/_std/SpocWeb.Projective/ga/AGeoGebra16.cs	code/abstract_base, code/clifford_algebra	Mathematics\Geometry\Geometric_Algebra.md	domain	stable	2
_SpocWeb.Root/_std/SpocWeb.Projective/ga	folder	_SpocWeb.Root/_std/SpocWeb.Projective/ga	code/geometric_algebra	geometric_algebra_spaces	domain	stable	2
_SpocWeb.Root/_std/SpocWeb.Projective/ga/AGeoGebra2.cs:AGeoGebra2	class	_SpocWeb.Root/_std/SpocWeb.Projective/ga/AGeoGebra2.cs	code/abstract_base, code/clifford_algebra	Mathematics\Geometry\Geometric_Algebra.md	domain	stable	2
_SpocWeb.Root/_std/SpocWeb.Projective/ga/AGeoGebra32.cs:AGeoGebra32	class	_SpocWeb.Root/_std/SpocWeb.Projective/ga/AGeoGebra32.cs	code/abstract_base, code/clifford_algebra	Mathematics\Geometry\Geometric_Algebra.md	domain	stable	2
_SpocWeb.Root/_std/SpocWeb.Projective/ga/AGeoGebra4.cs:AGeoGebra4	class	_SpocWeb.Root/_std/SpocWeb.Projective/ga/AGeoGebra4.cs	code/abstract_base, code/clifford_algebra	Mathematics\Geometry\Geometric_Algebra.md	domain	stable	2
_SpocWeb.Root/_std/SpocWeb.Projective/ga/AGeoGebra8.cs:AGeoGebra8	class	_SpocWeb.Root/_std/SpocWeb.Projective/ga/AGeoGebra8.cs	code/abstract_base, code/clifford_algebra	Mathematics\Geometry\Geometric_Algebra.md	domain	stable	2
_SpocWeb.Root/_std/SpocWeb.Projective/ga/AGeoGebra8Dbl.cs:AGeoGebra8Dbl	class	_SpocWeb.Root/_std/SpocWeb.Projective/ga/AGeoGebra8Dbl.cs	code/abstract_base, code/clifford_algebra	Mathematics\Geometry\Geometric_Algebra.md	domain	stable	2
_SpocWeb.Root/_std/SpocWeb.Projective/ga/Pga2Dbl.cs:Pga2Dbl	class	_SpocWeb.Root/_std/SpocWeb.Projective/ga/Pga2Dbl.cs	code/abstract_base, code/projective_geometric_algebra	Mathematics\Geometry\Geometric_Algebra.md	domain	stable	2
_SpocWeb.Root/_std/SpocWeb.Projective/ga/R001.cs:R001	class	_SpocWeb.Root/_std/SpocWeb.Projective/ga/R001.cs	code/clifford_algebra, code/dual_numbers	Mathematics\Geometry\Geometric_Algebra.md	domain	stable	2
_SpocWeb.Root/_std/SpocWeb.Projective/ga/R001.cs:Base	class	_SpocWeb.Root/_std/SpocWeb.Projective/ga/R001.cs	code/enum, code/clifford_algebra	Mathematics\Geometry\Geometric_Algebra.md	domain	stable	1
_SpocWeb.Root/_std/SpocWeb.Projective/ga/R010.cs:R010	class	_SpocWeb.Root/_std/SpocWeb.Projective/ga/R010.cs	code/clifford_algebra, code/complex_math	Mathematics\Geometry\Geometric_Algebra.md	domain	stable	2
_SpocWeb.Root/_std/SpocWeb.Projective/ga/R010.cs:Base	class	_SpocWeb.Root/_std/SpocWeb.Projective/ga/R010.cs	code/enum, code/clifford_algebra	Mathematics\Geometry\Geometric_Algebra.md	domain	stable	1
_SpocWeb.Root/_std/SpocWeb.Projective/ga/R011.cs:XR011	class	_SpocWeb.Root/_std/SpocWeb.Projective/ga/R011.cs	code/extension_method, code/unit_test, code/clifford_algebra	Mathematics\Geometry\Geometric_Algebra.md	test	stable	2
_SpocWeb.Root/_std/SpocWeb.Projective/ga/R011.cs:XR011.Test()	method	_SpocWeb.Root/_std/SpocWeb.Projective/ga/R011.cs	code/unit_test, code/geometric_algebra	Mathematics\Geometry\Geometric_Algebra.md	test	stable	2
_SpocWeb.Root/_std/SpocWeb.Projective/ga/R011.cs:R011	class	_SpocWeb.Root/_std/SpocWeb.Projective/ga/R011.cs	code/clifford_algebra, code/dual_numbers	Mathematics\Geometry\Geometric_Algebra.md	domain	stable	3
_SpocWeb.Root/_std/SpocWeb.Projective/ga/R011.cs:Base	class	_SpocWeb.Root/_std/SpocWeb.Projective/ga/R011.cs	code/enum, code/clifford_algebra	Mathematics\Geometry\Geometric_Algebra.md	domain	stable	1
_SpocWeb.Root/_std/SpocWeb.Projective/ga/R100.cs:R100	class	_SpocWeb.Root/_std/SpocWeb.Projective/ga/R100.cs	code/clifford_algebra	Mathematics\Geometry\Geometric_Algebra.md	domain	stable	2
_SpocWeb.Root/_std/SpocWeb.Projective/ga/R100.cs:Base	class	_SpocWeb.Root/_std/SpocWeb.Projective/ga/R100.cs	code/enum, code/clifford_algebra	Mathematics\Geometry\Geometric_Algebra.md	domain	stable	1
_SpocWeb.Root/_std/SpocWeb.Projective/ga/R110.cs:R110	class	_SpocWeb.Root/_std/SpocWeb.Projective/ga/R110.cs	code/clifford_algebra, code/split_complex	Mathematics\Geometry\Geometric_Algebra.md	domain	stable	2
_SpocWeb.Root/_std/SpocWeb.Projective/ga/R110.cs:Base	class	_SpocWeb.Root/_std/SpocWeb.Projective/ga/R110.cs	code/enum, code/clifford_algebra	Mathematics\Geometry\Geometric_Algebra.md	domain	stable	1
_SpocWeb.Root/_std/SpocWeb.Projective/ga/R200.cs:R200	class	_SpocWeb.Root/_std/SpocWeb.Projective/ga/R200.cs	code/clifford_algebra	Mathematics\Geometry\Geometric_Algebra.md	domain	stable	2
_SpocWeb.Root/_std/SpocWeb.Projective/ga/R200.cs:Base	class	_SpocWeb.Root/_std/SpocWeb.Projective/ga/R200.cs	code/enum, code/clifford_algebra	Mathematics\Geometry\Geometric_Algebra.md	domain	stable	1
_SpocWeb.Root/_std/SpocWeb.Projective/ga/R300.cs:R300	class	_SpocWeb.Root/_std/SpocWeb.Projective/ga/R300.cs	code/clifford_algebra, code/vector_math	Mathematics\Geometry\Geometric_Algebra.md	domain	stable	2
_SpocWeb.Root/_std/SpocWeb.Projective/ga/R300.cs:Base	class	_SpocWeb.Root/_std/SpocWeb.Projective/ga/R300.cs	code/enum, code/clifford_algebra	Mathematics\Geometry\Geometric_Algebra.md	domain	stable	1
_SpocWeb.Root/_std/SpocWeb.Projective/ga/R310.cs:R310	class	_SpocWeb.Root/_std/SpocWeb.Projective/ga/R310.cs	code/clifford_algebra, code/conformal_geometric_algebra	Mathematics\Geometry\Geometric_Algebra.md	domain	stable	3
_SpocWeb.Root/_std/SpocWeb.Projective/ga/R310.cs:Base	class	_SpocWeb.Root/_std/SpocWeb.Projective/ga/R310.cs	code/enum, code/clifford_algebra	Mathematics\Geometry\Geometric_Algebra.md	domain	stable	1
_SpocWeb.Root/_std/SpocWeb.Projective/ga/R410.cs:R410	class	_SpocWeb.Root/_std/SpocWeb.Projective/ga/R410.cs	code/clifford_algebra, code/conformal_geometric_algebra	Mathematics\Geometry\Geometric_Algebra.md	domain	stable	3
_SpocWeb.Root/_std/SpocWeb.Projective/ga/R410.cs:Base	class	_SpocWeb.Root/_std/SpocWeb.Projective/ga/R410.cs	code/enum, code/clifford_algebra	Mathematics\Geometry\Geometric_Algebra.md	domain	stable	1
_SpocWeb.Root/_std/SpocWeb.Projective/ga/RigidBody2D.cs:RigidBody2D	class	_SpocWeb.Root/_std/SpocWeb.Projective/ga/RigidBody2D.cs	code/rigid_body_physics, code/typed_wrapper	physics_simulation	domain	stable	1
_SpocWeb.Root/_std/SpocWeb.Projective/ga/RigidBody2D.cs:RigidBody2D#2	class	_SpocWeb.Root/_std/SpocWeb.Projective/ga/RigidBody2D.cs	code/rigid_body_physics	physics_simulation	domain	stable	3
_SpocWeb.Root/_std/SpocWeb.Projective/ga/RigidBody3D.cs:RigidBody3D	class	_SpocWeb.Root/_std/SpocWeb.Projective/ga/RigidBody3D.cs	code/rigid_body_physics, code/typed_wrapper	physics_simulation	domain	stable	1
_SpocWeb.Root/_std/SpocWeb.Projective/ga/RigidBody3D.cs:RigidBody3D#2	class	_SpocWeb.Root/_std/SpocWeb.Projective/ga/RigidBody3D.cs	code/rigid_body_physics	physics_simulation	domain	stable	3
_SpocWeb.Root/_std/SpocWeb.Projective/ga/Shape2D.cs:Points2D	class	_SpocWeb.Root/_std/SpocWeb.Projective/ga/Shape2D.cs	code/rigid_body_physics, code/computational_geometry	physics_simulation	domain	stable	2
_SpocWeb.Root/_std/SpocWeb.Projective/ga/Shape2D.cs:Shape2D	class	_SpocWeb.Root/_std/SpocWeb.Projective/ga/Shape2D.cs	code/rigid_body_physics, code/computational_geometry	physics_simulation	domain	stable	1
_SpocWeb.Root/_std/SpocWeb.Projective/ga/Shape2D.cs:MassiveShape2D	class	_SpocWeb.Root/_std/SpocWeb.Projective/ga/Shape2D.cs	code/rigid_body_physics, code/mass_distribution	physics_simulation	domain	stable	3
_SpocWeb.Root/_std/SpocWeb.Projective/ga/Shape3D.cs:Points3D	class	_SpocWeb.Root/_std/SpocWeb.Projective/ga/Shape3D.cs	code/rigid_body_physics, code/computational_geometry	physics_simulation	domain	stable	2
_SpocWeb.Root/_std/SpocWeb.Projective/ga/Shape3D.cs:Shape3D	class	_SpocWeb.Root/_std/SpocWeb.Projective/ga/Shape3D.cs	code/rigid_body_physics, code/computational_geometry	physics_simulation	domain	stable	1
_SpocWeb.Root/_std/SpocWeb.Projective/ga/Shape3D.cs:MassiveShape3D	class	_SpocWeb.Root/_std/SpocWeb.Projective/ga/Shape3D.cs	code/rigid_body_physics, code/mass_distribution	physics_simulation	domain	stable	3
_SpocWeb.Root/_std/SpocWeb.Projective/ga/XR1.cs:XR1	class	_SpocWeb.Root/_std/SpocWeb.Projective/ga/XR1.cs	code/extension_method, code/clifford_algebra	Mathematics\Geometry\Geometric_Algebra.md	domain	stable	2
_SpocWeb.Root/_std/SpocWeb.Projective/ga/XR1.cs:XR1.GetFactor(R001.Base)	method	_SpocWeb.Root/_std/SpocWeb.Projective/ga/XR1.cs	code/extension_method, code/canonicalization	Mathematics\Geometry\Geometric_Algebra.md	domain	stable	2
_SpocWeb.Root/_std/SpocWeb.Projective/ga/XR1.cs:XR1.GetFactor(R011.Base)	method	_SpocWeb.Root/_std/SpocWeb.Projective/ga/XR1.cs	code/extension_method, code/canonicalization	Mathematics\Geometry\Geometric_Algebra.md	domain	stable	2
_SpocWeb.Root/_std/SpocWeb.Projective/ga/XR1.cs:XR1.GetFactor(R010.Base)	method	_SpocWeb.Root/_std/SpocWeb.Projective/ga/XR1.cs	code/extension_method, code/canonicalization	Mathematics\Geometry\Geometric_Algebra.md	domain	stable	2
_SpocWeb.Root/_std/SpocWeb.Projective/ga/XR1.cs:XR1.GetFactor(R100.Base)	method	_SpocWeb.Root/_std/SpocWeb.Projective/ga/XR1.cs	code/extension_method, code/canonicalization	Mathematics\Geometry\Geometric_Algebra.md	domain	stable	2
_SpocWeb.Root/_std/SpocWeb.Projective/ga/XR1.cs:XR1.Neg2(IReadOnlyList<float>)	method	_SpocWeb.Root/_std/SpocWeb.Projective/ga/XR1.cs	code/extension_method, code/negation	Mathematics\Geometry\Geometric_Algebra.md	domain	stable	1
_SpocWeb.Root/_std/SpocWeb.Projective/ga/XR1.cs:XR1.Reverted2(IReadOnlyList<float>)	method	_SpocWeb.Root/_std/SpocWeb.Projective/ga/XR1.cs	code/extension_method, code/clifford_algebra	Mathematics\Geometry\Geometric_Algebra.md	domain	stable	1
_SpocWeb.Root/_std/SpocWeb.Projective/ga/XR1.cs:XR1.Dual2C(IReadOnlyList<float>)	method	_SpocWeb.Root/_std/SpocWeb.Projective/ga/XR1.cs	code/extension_method, code/clifford_algebra	Mathematics\Geometry\Geometric_Algebra.md	domain	stable	1
_SpocWeb.Root/_std/SpocWeb.Projective/ga/XR1.cs:XR1.Dual2(IReadOnlyList<float>)	method	_SpocWeb.Root/_std/SpocWeb.Projective/ga/XR1.cs	code/extension_method, code/clifford_algebra	Mathematics\Geometry\Geometric_Algebra.md	domain	stable	1
_SpocWeb.Root/_std/SpocWeb.Projective/ga/XR1.cs:XR1.CliffCjg2(IReadOnlyList<float>)	method	_SpocWeb.Root/_std/SpocWeb.Projective/ga/XR1.cs	code/extension_method, code/conjugate	Mathematics\Geometry\Geometric_Algebra.md	domain	stable	1
_SpocWeb.Root/_std/SpocWeb.Projective/ga/XR1.cs:XR1.NormSqr2R010Q(IReadOnlyList<float>)	method	_SpocWeb.Root/_std/SpocWeb.Projective/ga/XR1.cs	code/norm_calculation	Mathematics\Geometry\Geometric_Algebra.md	domain	stable	1
_SpocWeb.Root/_std/SpocWeb.Projective/ga/XR1.cs:XR1.NormSqr2R010(IReadOnlyList<float>)	method	_SpocWeb.Root/_std/SpocWeb.Projective/ga/XR1.cs	code/extension_method, code/norm_calculation	Mathematics\Geometry\Geometric_Algebra.md	domain	stable	1
_SpocWeb.Root/_std/SpocWeb.Projective/ga/XR1.cs:XR1.Involute2(IReadOnlyList<float>)	method	_SpocWeb.Root/_std/SpocWeb.Projective/ga/XR1.cs	code/extension_method, code/clifford_algebra	Mathematics\Geometry\Geometric_Algebra.md	domain	stable	1
_SpocWeb.Root/_std/SpocWeb.Projective/ga/XR1.cs:XR1.Meet2(IReadOnlyList<float>,IReadOnlyList<float>)	method	_SpocWeb.Root/_std/SpocWeb.Projective/ga/XR1.cs	code/extension_method, code/outer_product	Mathematics\Geometry\Geometric_Algebra.md	domain	stable	1
_SpocWeb.Root/_std/SpocWeb.Projective/ga/XR1.cs:XR1.Join2(IReadOnlyList<float>,IReadOnlyList<float>)	method	_SpocWeb.Root/_std/SpocWeb.Projective/ga/XR1.cs	code/extension_method, code/clifford_algebra	Mathematics\Geometry\Geometric_Algebra.md	domain	stable	1
_SpocWeb.Root/_std/SpocWeb.Projective/ga/XR1.cs:XR1.Times2R010C(IReadOnlyList<float>,IReadOnlyList<float>)	method	_SpocWeb.Root/_std/SpocWeb.Projective/ga/XR1.cs	code/extension_method, code/geometric_product	Mathematics\Geometry\Geometric_Algebra.md	domain	stable	1
_SpocWeb.Root/_std/SpocWeb.Projective/ga/XR1.cs:XR1.Dot2R010C(IReadOnlyList<float>,IReadOnlyList<float>)	method	_SpocWeb.Root/_std/SpocWeb.Projective/ga/XR1.cs	code/extension_method, code/dot_product	Mathematics\Geometry\Geometric_Algebra.md	domain	stable	1
_SpocWeb.Root/_std/SpocWeb.Projective/ga/XR1.cs:XR1.NormSqr2R100Q(IReadOnlyList<float>)	method	_SpocWeb.Root/_std/SpocWeb.Projective/ga/XR1.cs	code/norm_calculation	Mathematics\Geometry\Geometric_Algebra.md	domain	stable	1
_SpocWeb.Root/_std/SpocWeb.Projective/ga/XR1.cs:XR1.NormSqr2R100(IReadOnlyList<float>)	method	_SpocWeb.Root/_std/SpocWeb.Projective/ga/XR1.cs	code/extension_method, code/norm_calculation	Mathematics\Geometry\Geometric_Algebra.md	domain	stable	1
_SpocWeb.Root/_std/SpocWeb.Projective/ga/XR1.cs:XR1.Times2R010H(IReadOnlyList<float>,IReadOnlyList<float>)	method	_SpocWeb.Root/_std/SpocWeb.Projective/ga/XR1.cs	code/extension_method, code/geometric_product	Mathematics\Geometry\Geometric_Algebra.md	domain	stable	1
_SpocWeb.Root/_std/SpocWeb.Projective/ga/XR1.cs:XR1.Dot2R010H(IReadOnlyList<float>,IReadOnlyList<float>)	method	_SpocWeb.Root/_std/SpocWeb.Projective/ga/XR1.cs	code/extension_method, code/dot_product	Mathematics\Geometry\Geometric_Algebra.md	domain	stable	1
_SpocWeb.Root/_std/SpocWeb.Projective/ga/XR1.cs:XR1.NormSqr2R001(IReadOnlyList<float>)	method	_SpocWeb.Root/_std/SpocWeb.Projective/ga/XR1.cs	code/extension_method, code/norm_calculation	Mathematics\Geometry\Geometric_Algebra.md	domain	stable	1
_SpocWeb.Root/_std/SpocWeb.Projective/ga/XR1.cs:XR1.Times2R001P(IReadOnlyList<float>,IReadOnlyList<float>)	method	_SpocWeb.Root/_std/SpocWeb.Projective/ga/XR1.cs	code/extension_method, code/geometric_product	Mathematics\Geometry\Geometric_Algebra.md	domain	stable	1
_SpocWeb.Root/_std/SpocWeb.Projective/ga/XR1.cs:XR1.Dot2R001P(IReadOnlyList<float>,IReadOnlyList<float>)	method	_SpocWeb.Root/_std/SpocWeb.Projective/ga/XR1.cs	code/extension_method, code/dot_product	Mathematics\Geometry\Geometric_Algebra.md	domain	stable	1
_SpocWeb.Root/_std/SpocWeb.Projective/ga/XR1.cs:XR1.AllProduct2R010HTests()	method	_SpocWeb.Root/_std/SpocWeb.Projective/ga/XR1.cs	code/test_data_generation	Mathematics\Geometry\Geometric_Algebra.md	generator	stable	2
_SpocWeb.Root/_std/SpocWeb.Projective/ga/XR1.cs:XR1.AllProduct2R010CTests()	method	_SpocWeb.Root/_std/SpocWeb.Projective/ga/XR1.cs	code/test_data_generation	Mathematics\Geometry\Geometric_Algebra.md	generator	stable	2
_SpocWeb.Root/_std/SpocWeb.Projective/ga/XR1.cs:XR1.AllProductR011Tests()	method	_SpocWeb.Root/_std/SpocWeb.Projective/ga/XR1.cs	code/test_data_generation	Mathematics\Geometry\Geometric_Algebra.md	generator	stable	2
_SpocWeb.Root/_std/SpocWeb.Projective/ga/XR1.cs:XR1.AllProduct2R001PTests()	method	_SpocWeb.Root/_std/SpocWeb.Projective/ga/XR1.cs	code/test_data_generation	Mathematics\Geometry\Geometric_Algebra.md	generator	stable	2
_SpocWeb.Root/_std/SpocWeb.Projective/ga/XR1.cs:XR1.ProductDTests(IReadOnlyList<IReadOnlyList<R001.Base>>,Func<IReadOnlyList<float>, IReadOnlyList<float>, float[]>)	method	_SpocWeb.Root/_std/SpocWeb.Projective/ga/XR1.cs	code/extension_method, code/test_data_generation	Mathematics\Geometry\Geometric_Algebra.md	generator	stable	1
_SpocWeb.Root/_std/SpocWeb.Projective/ga/XR1.cs:XR1.Product4R011CTests(IReadOnlyList<IReadOnlyList<R011.Base>>,Func<IReadOnlyList<float>, IReadOnlyList<float>, float[]>)	method	_SpocWeb.Root/_std/SpocWeb.Projective/ga/XR1.cs	code/extension_method, code/test_data_generation	Mathematics\Geometry\Geometric_Algebra.md	generator	stable	1
_SpocWeb.Root/_std/SpocWeb.Projective/ga/XR1.cs:XR1.Product2R010CTests(IReadOnlyList<IReadOnlyList<R010.Base>>,Func<IReadOnlyList<float>, IReadOnlyList<float>, float[]>)	method	_SpocWeb.Root/_std/SpocWeb.Projective/ga/XR1.cs	code/extension_method, code/test_data_generation	Mathematics\Geometry\Geometric_Algebra.md	generator	stable	1
_SpocWeb.Root/_std/SpocWeb.Projective/ga/XR1.cs:XR1.Product2R100HTests(IReadOnlyList<IReadOnlyList<R100.Base>>,Func<IReadOnlyList<float>, IReadOnlyList<float>, float[]>)	method	_SpocWeb.Root/_std/SpocWeb.Projective/ga/XR1.cs	code/extension_method, code/test_data_generation	Mathematics\Geometry\Geometric_Algebra.md	generator	stable	1
_SpocWeb.Root/_std/SpocWeb.Projective/ga/XR1.cs:XR1.Base2VectorPairs()	method	_SpocWeb.Root/_std/SpocWeb.Projective/ga/XR1.cs	code/test_data_generation, code/combinatorial_generation	Mathematics\Geometry\Geometric_Algebra.md	generator	stable	2
_SpocWeb.Root/_std/SpocWeb.Projective/ga/XR1.cs:XR1.Base4VectorPairs()	method	_SpocWeb.Root/_std/SpocWeb.Projective/ga/XR1.cs	code/test_data_generation, code/combinatorial_generation	Mathematics\Geometry\Geometric_Algebra.md	generator	stable	2
_SpocWeb.Root/_std/SpocWeb.Projective/ga/XR1.cs:XR1.TestAllProductsR011((float[][] vectors, Func<IReadOnlyList<float>, IReadOnlyList<float>, float[]> product))	method	_SpocWeb.Root/_std/SpocWeb.Projective/ga/XR1.cs	code/unit_test	Mathematics\Geometry\Geometric_Algebra.md	test	stable	2
_SpocWeb.Root/_std/SpocWeb.Projective/ga/XR1.cs:XR1.CreateVectors(IReadOnlyList<IReadOnlyList<R001.Base>>,R001.Base,R001.Base,double,double)	method	_SpocWeb.Root/_std/SpocWeb.Projective/ga/XR1.cs	code/extension_method, code/test_data_generation	Mathematics\Geometry\Geometric_Algebra.md	generator	stable	1
_SpocWeb.Root/_std/SpocWeb.Projective/ga/XR1.cs:XR1.CreateVectorsR011(IReadOnlyList<IReadOnlyList<R011.Base>>,R011.Base,R011.Base,double,double)	method	_SpocWeb.Root/_std/SpocWeb.Projective/ga/XR1.cs	code/extension_method, code/test_data_generation	Mathematics\Geometry\Geometric_Algebra.md	generator	stable	1
_SpocWeb.Root/_std/SpocWeb.Projective/ga/XR1.cs:XR1.CreateVectors(IReadOnlyList<IReadOnlyList<R010.Base>>,R001.Base,R001.Base,double,double)	method	_SpocWeb.Root/_std/SpocWeb.Projective/ga/XR1.cs	code/extension_method, code/test_data_generation	Mathematics\Geometry\Geometric_Algebra.md	generator	stable	1
_SpocWeb.Root/_std/SpocWeb.Projective/ga/XR1.cs:XR1.CreateVectors(IReadOnlyList<IReadOnlyList<R100.Base>>,R001.Base,R001.Base,double,double)	method	_SpocWeb.Root/_std/SpocWeb.Projective/ga/XR1.cs	code/extension_method, code/test_data_generation	Mathematics\Geometry\Geometric_Algebra.md	generator	stable	1
_SpocWeb.Root/_std/SpocWeb.Projective/ga/XR1.cs:XR1.CreateVectors(int,int,int,double,double,int,int)	method	_SpocWeb.Root/_std/SpocWeb.Projective/ga/XR1.cs	code/extension_method, code/test_data_generation	Mathematics\Geometry\Geometric_Algebra.md	generator	stable	1
_SpocWeb.Root/_std/SpocWeb.Projective/ga/XR1.cs:XR1.Plus2(IReadOnlyList<float>,double)	method	_SpocWeb.Root/_std/SpocWeb.Projective/ga/XR1.cs	code/extension_method, code/scalar_addition	Mathematics\Geometry\Geometric_Algebra.md	domain	stable	1
_SpocWeb.Root/_std/SpocWeb.Projective/ga/XR1.cs:XR1.Minus2(IReadOnlyList<float>,double)	method	_SpocWeb.Root/_std/SpocWeb.Projective/ga/XR1.cs	code/extension_method, code/subtraction	Mathematics\Geometry\Geometric_Algebra.md	domain	stable	1
_SpocWeb.Root/_std/SpocWeb.Projective/ga/XR1.cs:XR1.MinusR2(IReadOnlyList<float>,double)	method	_SpocWeb.Root/_std/SpocWeb.Projective/ga/XR1.cs	code/extension_method, code/subtraction, code/negation	Mathematics\Geometry\Geometric_Algebra.md	domain	stable	1
_SpocWeb.Root/_std/SpocWeb.Projective/ga/XR1.cs:XR1.Plus2(IReadOnlyList<float>,double,B)	method	_SpocWeb.Root/_std/SpocWeb.Projective/ga/XR1.cs	code/extension_method, code/scalar_addition	Mathematics\Geometry\Geometric_Algebra.md	domain	stable	1
_SpocWeb.Root/_std/SpocWeb.Projective/ga/XR1.cs:XR1.Minus2(IReadOnlyList<float>,double,B)	method	_SpocWeb.Root/_std/SpocWeb.Projective/ga/XR1.cs	code/extension_method, code/subtraction	Mathematics\Geometry\Geometric_Algebra.md	domain	stable	1
_SpocWeb.Root/_std/SpocWeb.Projective/ga/XR1.cs:XR1.MinusR2(IReadOnlyList<float>,double,B)	method	_SpocWeb.Root/_std/SpocWeb.Projective/ga/XR1.cs	code/extension_method, code/subtraction, code/negation	Mathematics\Geometry\Geometric_Algebra.md	domain	stable	1
_SpocWeb.Root/_std/SpocWeb.Projective/ga/XR1.cs:XR1.Plus2(IReadOnlyList<float>,IReadOnlyList<float>)	method	_SpocWeb.Root/_std/SpocWeb.Projective/ga/XR1.cs	code/extension_method, code/scalar_addition	Mathematics\Geometry\Geometric_Algebra.md	test	stable	1
_SpocWeb.Root/_std/SpocWeb.Projective/ga/XR1.cs:XR1.Minus2(IReadOnlyList<float>,IReadOnlyList<float>)	method	_SpocWeb.Root/_std/SpocWeb.Projective/ga/XR1.cs	code/extension_method, code/vector_subtraction	Mathematics\Geometry\Geometric_Algebra.md	domain	stable	1
_SpocWeb.Root/_std/SpocWeb.Projective/ga/XR1.cs:XR1.Times2(IReadOnlyList<float>,float)	method	_SpocWeb.Root/_std/SpocWeb.Projective/ga/XR1.cs	code/extension_method, code/scalar_multiplication	Mathematics\Geometry\Geometric_Algebra.md	domain	stable	1
_SpocWeb.Root/_std/SpocWeb.Projective/ga/XR1.cs:XR1.RandomR100()	method	_SpocWeb.Root/_std/SpocWeb.Projective/ga/XR1.cs	code/random_number_generator, code/test_data_generation	Mathematics\Geometry\Geometric_Algebra.md	generator	stable	2
_SpocWeb.Root/_std/SpocWeb.Projective/ga/XR1.cs:XR1.TestR100Rcp(R100)	method	_SpocWeb.Root/_std/SpocWeb.Projective/ga/XR1.cs	code/unit_test, code/reciprocal	Mathematics\Geometry\Geometric_Algebra.md	test	stable	2
_SpocWeb.Root/_std/SpocWeb.Projective/ga/XR1.cs:XR1.RandomR010()	method	_SpocWeb.Root/_std/SpocWeb.Projective/ga/XR1.cs	code/random_number_generator, code/test_data_generation	Mathematics\Geometry\Geometric_Algebra.md	generator	stable	2
_SpocWeb.Root/_std/SpocWeb.Projective/ga/XR1.cs:XR1.TestR010Rcp(R010)	method	_SpocWeb.Root/_std/SpocWeb.Projective/ga/XR1.cs	code/unit_test, code/reciprocal	Mathematics\Geometry\Geometric_Algebra.md	test	stable	2
_SpocWeb.Root/_std/SpocWeb.Projective/ga/XR1.cs:XR1.RandomR001()	method	_SpocWeb.Root/_std/SpocWeb.Projective/ga/XR1.cs	code/random_number_generator, code/test_data_generation	Mathematics\Geometry\Geometric_Algebra.md	generator	stable	2
_SpocWeb.Root/_std/SpocWeb.Projective/ga/XR1.cs:XR1.TestR001Rcp(R001)	method	_SpocWeb.Root/_std/SpocWeb.Projective/ga/XR1.cs	code/unit_test, code/reciprocal	Mathematics\Geometry\Geometric_Algebra.md	test	stable	2
_SpocWeb.Root/_std/SpocWeb.Projective/ga/XR1.cs:XR1.RandomR011()	method	_SpocWeb.Root/_std/SpocWeb.Projective/ga/XR1.cs	code/random_number_generator, code/test_data_generation	Mathematics\Geometry\Geometric_Algebra.md	generator	stable	2
_SpocWeb.Root/_std/SpocWeb.Projective/ga/XR1.cs:XR1.TestR011Rcp(R011)	method	_SpocWeb.Root/_std/SpocWeb.Projective/ga/XR1.cs	code/unit_test, code/reciprocal	Mathematics\Geometry\Geometric_Algebra.md	test	stable	2
_SpocWeb.Root/_std/SpocWeb.Projective/ga/XR1.cs:XR1.RandomR110()	method	_SpocWeb.Root/_std/SpocWeb.Projective/ga/XR1.cs	code/random_number_generator, code/test_data_generation	Mathematics\Geometry\Geometric_Algebra.md	generator	stable	2
_SpocWeb.Root/_std/SpocWeb.Projective/ga/XR1.cs:XR1.TestR110Rcp(R110)	method	_SpocWeb.Root/_std/SpocWeb.Projective/ga/XR1.cs	code/unit_test, code/reciprocal	Mathematics\Geometry\Geometric_Algebra.md	test	stable	2
_SpocWeb.Root/_std/SpocWeb.Projective/ga/XR200.cs:XR200	class	_SpocWeb.Root/_std/SpocWeb.Projective/ga/XR200.cs	code/extension_method, code/clifford_algebra	Mathematics\Geometry\Geometric_Algebra.md	domain	stable	2
_SpocWeb.Root/_std/SpocWeb.Projective/ga/XR200.cs:XR200.GetFactor(R200.Base)	method	_SpocWeb.Root/_std/SpocWeb.Projective/ga/XR200.cs	code/extension_method, code/canonicalization	Mathematics\Geometry\Geometric_Algebra.md	domain	stable	2
_SpocWeb.Root/_std/SpocWeb.Projective/ga/XR200.cs:XR200.Dual4(IReadOnlyList<float>)	method	_SpocWeb.Root/_std/SpocWeb.Projective/ga/XR200.cs	code/extension_method, code/clifford_algebra	Mathematics\Geometry\Geometric_Algebra.md	domain	stable	1
_SpocWeb.Root/_std/SpocWeb.Projective/ga/XR200.cs:XR200.DualR011(IReadOnlyList<float>)	method	_SpocWeb.Root/_std/SpocWeb.Projective/ga/XR200.cs	code/extension_method, code/clifford_algebra	Mathematics\Geometry\Geometric_Algebra.md	domain	stable	1
_SpocWeb.Root/_std/SpocWeb.Projective/ga/XR200.cs:XR200.Involute4(IReadOnlyList<float>)	method	_SpocWeb.Root/_std/SpocWeb.Projective/ga/XR200.cs	code/extension_method, code/clifford_algebra	Mathematics\Geometry\Geometric_Algebra.md	domain	stable	1
_SpocWeb.Root/_std/SpocWeb.Projective/ga/XR200.cs:XR200.Neg4(IReadOnlyList<float>)	method	_SpocWeb.Root/_std/SpocWeb.Projective/ga/XR200.cs	code/extension_method, code/negation	Mathematics\Geometry\Geometric_Algebra.md	domain	stable	1
_SpocWeb.Root/_std/SpocWeb.Projective/ga/XR200.cs:XR200.CliffCjg4(IReadOnlyList<float>)	method	_SpocWeb.Root/_std/SpocWeb.Projective/ga/XR200.cs	code/extension_method, code/conjugate	Mathematics\Geometry\Geometric_Algebra.md	domain	stable	1
_SpocWeb.Root/_std/SpocWeb.Projective/ga/XR200.cs:XR200.Reverted4(float[])	method	_SpocWeb.Root/_std/SpocWeb.Projective/ga/XR200.cs	code/extension_method, code/clifford_algebra	Mathematics\Geometry\Geometric_Algebra.md	domain	stable	1
_SpocWeb.Root/_std/SpocWeb.Projective/ga/XR200.cs:XR200.Rcp(float[])	method	_SpocWeb.Root/_std/SpocWeb.Projective/ga/XR200.cs	code/extension_method, code/reciprocal	Mathematics\Geometry\Geometric_Algebra.md	domain	stable	1
_SpocWeb.Root/_std/SpocWeb.Projective/ga/XR200.cs:XR200.NormSqr4R200Q(IReadOnlyList<float>)	method	_SpocWeb.Root/_std/SpocWeb.Projective/ga/XR200.cs	code/norm_calculation	Mathematics\Geometry\Geometric_Algebra.md	domain	stable	1
_SpocWeb.Root/_std/SpocWeb.Projective/ga/XR200.cs:XR200.NormSqr4R200(IReadOnlyList<float>)	method	_SpocWeb.Root/_std/SpocWeb.Projective/ga/XR200.cs	code/extension_method, code/norm_calculation	Mathematics\Geometry\Geometric_Algebra.md	domain	stable	1
_SpocWeb.Root/_std/SpocWeb.Projective/ga/XR200.cs:XR200.NormSqr4R011Q(IReadOnlyList<float>)	method	_SpocWeb.Root/_std/SpocWeb.Projective/ga/XR200.cs	code/norm_calculation	Mathematics\Geometry\Geometric_Algebra.md	domain	stable	1
_SpocWeb.Root/_std/SpocWeb.Projective/ga/XR200.cs:XR200.NormSqr4R011(IReadOnlyList<float>)	method	_SpocWeb.Root/_std/SpocWeb.Projective/ga/XR200.cs	code/extension_method, code/norm_calculation	Mathematics\Geometry\Geometric_Algebra.md	domain	stable	1
_SpocWeb.Root/_std/SpocWeb.Projective/ga/XR200.cs:XR200.Plus4(IReadOnlyList<float>,double)	method	_SpocWeb.Root/_std/SpocWeb.Projective/ga/XR200.cs	code/extension_method, code/scalar_addition	Mathematics\Geometry\Geometric_Algebra.md	domain	stable	1
_SpocWeb.Root/_std/SpocWeb.Projective/ga/XR200.cs:XR200.Minus4(IReadOnlyList<float>,double)	method	_SpocWeb.Root/_std/SpocWeb.Projective/ga/XR200.cs	code/extension_method, code/subtraction	Mathematics\Geometry\Geometric_Algebra.md	domain	stable	1
_SpocWeb.Root/_std/SpocWeb.Projective/ga/XR200.cs:XR200.Minus4R(IReadOnlyList<float>,double)	method	_SpocWeb.Root/_std/SpocWeb.Projective/ga/XR200.cs	code/extension_method, code/subtraction, code/negation	Mathematics\Geometry\Geometric_Algebra.md	domain	stable	1
_SpocWeb.Root/_std/SpocWeb.Projective/ga/XR200.cs:XR200.Times4(IReadOnlyList<float>,IReadOnlyList<float>)	method	_SpocWeb.Root/_std/SpocWeb.Projective/ga/XR200.cs	code/extension_method, code/geometric_product	Mathematics\Geometry\Geometric_Algebra.md	domain	stable	2
_SpocWeb.Root/_std/SpocWeb.Projective/ga/XR200.cs:XR200.TruncateRight(string)	method	_SpocWeb.Root/_std/SpocWeb.Projective/ga/XR200.cs	code/string_truncation	string_manipulation	utility	stable	1
_SpocWeb.Root/_std/SpocWeb.Projective/ga/XR200.cs:XR200.NormSqr4R110Q(IReadOnlyList<float>)	method	_SpocWeb.Root/_std/SpocWeb.Projective/ga/XR200.cs	code/extension_method, code/norm_calculation	Mathematics\Geometry\Geometric_Algebra.md	domain	stable	1
_SpocWeb.Root/_std/SpocWeb.Projective/ga/XR200.cs:XR200.NormSqr4R110(IReadOnlyList<float>)	method	_SpocWeb.Root/_std/SpocWeb.Projective/ga/XR200.cs	code/extension_method, code/norm_calculation	Mathematics\Geometry\Geometric_Algebra.md	domain	stable	1
_SpocWeb.Root/_std/SpocWeb.Projective/ga/XR200.cs:XR200.Times4R110(IReadOnlyList<float>,IReadOnlyList<float>)	method	_SpocWeb.Root/_std/SpocWeb.Projective/ga/XR200.cs	code/extension_method, code/geometric_product	Mathematics\Geometry\Geometric_Algebra.md	domain	stable	2
_SpocWeb.Root/_std/SpocWeb.Projective/ga/XR200.cs:XR200.Times4R011(IReadOnlyList<float>,IReadOnlyList<float>)	method	_SpocWeb.Root/_std/SpocWeb.Projective/ga/XR200.cs	code/extension_method, code/geometric_product	Mathematics\Geometry\Geometric_Algebra.md	domain	stable	2
_SpocWeb.Root/_std/SpocWeb.Projective/ga/XR200.cs:XR200.Meet4(IReadOnlyList<float>,IReadOnlyList<float>)	method	_SpocWeb.Root/_std/SpocWeb.Projective/ga/XR200.cs	code/extension_method, code/outer_product	Mathematics\Geometry\Geometric_Algebra.md	domain	stable	2
_SpocWeb.Root/_std/SpocWeb.Projective/ga/XR200.cs:XR200.Join4(IReadOnlyList<float>,IReadOnlyList<float>)	method	_SpocWeb.Root/_std/SpocWeb.Projective/ga/XR200.cs	code/extension_method, code/clifford_algebra	Mathematics\Geometry\Geometric_Algebra.md	domain	stable	2
_SpocWeb.Root/_std/SpocWeb.Projective/ga/XR200.cs:XR200.Dot4R110(IReadOnlyList<float>,IReadOnlyList<float>)	method	_SpocWeb.Root/_std/SpocWeb.Projective/ga/XR200.cs	code/extension_method, code/dot_product	Mathematics\Geometry\Geometric_Algebra.md	domain	stable	2
_SpocWeb.Root/_std/SpocWeb.Projective/ga/XR200.cs:XR200.Dot4R011(IReadOnlyList<float>,IReadOnlyList<float>)	method	_SpocWeb.Root/_std/SpocWeb.Projective/ga/XR200.cs	code/extension_method, code/dot_product	Mathematics\Geometry\Geometric_Algebra.md	domain	stable	2
_SpocWeb.Root/_std/SpocWeb.Projective/ga/XR200.cs:XR200.Dot4R200(IReadOnlyList<float>,IReadOnlyList<float>)	method	_SpocWeb.Root/_std/SpocWeb.Projective/ga/XR200.cs	code/extension_method, code/dot_product	Mathematics\Geometry\Geometric_Algebra.md	domain	stable	2
_SpocWeb.Root/_std/SpocWeb.Projective/ga/XR200.cs:XR200.AllProductTests()	method	_SpocWeb.Root/_std/SpocWeb.Projective/ga/XR200.cs	code/test_data_generation	Mathematics\Geometry\Geometric_Algebra.md	generator	stable	2
_SpocWeb.Root/_std/SpocWeb.Projective/ga/XR200.cs:XR200.ProductTests(IReadOnlyList<IReadOnlyList<R200.Base>>,Func<IReadOnlyList<float>, IReadOnlyList<float>, float[]>)	method	_SpocWeb.Root/_std/SpocWeb.Projective/ga/XR200.cs	code/extension_method, code/test_data_generation	Mathematics\Geometry\Geometric_Algebra.md	generator	stable	1
_SpocWeb.Root/_std/SpocWeb.Projective/ga/XR200.cs:XR200.BaseVectorPairs()	method	_SpocWeb.Root/_std/SpocWeb.Projective/ga/XR200.cs	code/test_data_generation, code/combinatorial_generation	Mathematics\Geometry\Geometric_Algebra.md	generator	stable	2
_SpocWeb.Root/_std/SpocWeb.Projective/ga/XR200.cs:XR200.TestAllProducts((float[][] vectors, Func<IReadOnlyList<float>, IReadOnlyList<float>, float[]> product))	method	_SpocWeb.Root/_std/SpocWeb.Projective/ga/XR200.cs	code/unit_test	Mathematics\Geometry\Geometric_Algebra.md	test	stable	2
_SpocWeb.Root/_std/SpocWeb.Projective/ga/XR200.cs:XR200.CreateVectors(IReadOnlyList<IReadOnlyList<R200.Base>>,R200.Base,R200.Base,double,double)	method	_SpocWeb.Root/_std/SpocWeb.Projective/ga/XR200.cs	code/extension_method, code/test_data_generation	Mathematics\Geometry\Geometric_Algebra.md	generator	stable	1
_SpocWeb.Root/_std/SpocWeb.Projective/ga/XR200.cs:XR200.CreateVectors(R200.Base,R200.Base,double,double,R200.Base,int)	method	_SpocWeb.Root/_std/SpocWeb.Projective/ga/XR200.cs	code/extension_method, code/test_data_generation	Mathematics\Geometry\Geometric_Algebra.md	generator	stable	1
_SpocWeb.Root/_std/SpocWeb.Projective/ga/XR200.cs:XR200.Plus4(IReadOnlyList<float>,IReadOnlyList<float>)	method	_SpocWeb.Root/_std/SpocWeb.Projective/ga/XR200.cs	code/extension_method, code/scalar_addition	Mathematics\Geometry\Geometric_Algebra.md	test	stable	1
_SpocWeb.Root/_std/SpocWeb.Projective/ga/XR200.cs:XR200.Minus4(IReadOnlyList<float>,IReadOnlyList<float>)	method	_SpocWeb.Root/_std/SpocWeb.Projective/ga/XR200.cs	code/extension_method, code/vector_subtraction	Mathematics\Geometry\Geometric_Algebra.md	domain	stable	1
_SpocWeb.Root/_std/SpocWeb.Projective/ga/XR200.cs:XR200.Times4(IReadOnlyList<float>,float)	method	_SpocWeb.Root/_std/SpocWeb.Projective/ga/XR200.cs	code/extension_method, code/scalar_multiplication	Mathematics\Geometry\Geometric_Algebra.md	domain	stable	1
_SpocWeb.Root/_std/SpocWeb.Projective/ga/XR200.cs:XR200.TestPga2D(float[])	method	_SpocWeb.Root/_std/SpocWeb.Projective/ga/XR200.cs	code/unit_test, code/string_formatting	Mathematics\Geometry\Geometric_Algebra.md	test	stable	1
_SpocWeb.Root/_std/SpocWeb.Projective/ga/XR200.cs:XR200.TestReflection()	method	_SpocWeb.Root/_std/SpocWeb.Projective/ga/XR200.cs	code/unit_test, code/reflection	Mathematics\Geometry\Geometric_Algebra.md	test	stable	2
_SpocWeb.Root/_std/SpocWeb.Projective/ga/XR200.cs:XR200.TestRotation()	method	_SpocWeb.Root/_std/SpocWeb.Projective/ga/XR200.cs	code/unit_test, code/rotation	Mathematics\Geometry\Geometric_Algebra.md	test	stable	2
_SpocWeb.Root/_std/SpocWeb.Projective/ga/XR200.cs:XR200.RandomR200()	method	_SpocWeb.Root/_std/SpocWeb.Projective/ga/XR200.cs	code/random_number_generator, code/test_data_generation	Mathematics\Geometry\Geometric_Algebra.md	generator	stable	2
_SpocWeb.Root/_std/SpocWeb.Projective/ga/XR200.cs:XR200.TestRcp(R200)	method	_SpocWeb.Root/_std/SpocWeb.Projective/ga/XR200.cs	code/unit_test, code/reciprocal	Mathematics\Geometry\Geometric_Algebra.md	test	stable	2
_SpocWeb.Root/_std/SpocWeb.Projective/ga/XR300.cs:XR300	class	_SpocWeb.Root/_std/SpocWeb.Projective/ga/XR300.cs	code/extension_method, code/clifford_algebra	Mathematics\Geometry\Geometric_Algebra.md	domain	stable	2
_SpocWeb.Root/_std/SpocWeb.Projective/ga/XR300.cs:XR300.GetFactor(R300.Base)	method	_SpocWeb.Root/_std/SpocWeb.Projective/ga/XR300.cs	code/extension_method, code/canonicalization	Mathematics\Geometry\Geometric_Algebra.md	domain	stable	2
_SpocWeb.Root/_std/SpocWeb.Projective/ga/XR300.cs:XR300.Reverted8(IReadOnlyList<float>)	method	_SpocWeb.Root/_std/SpocWeb.Projective/ga/XR300.cs	code/extension_method, code/clifford_algebra	Mathematics\Geometry\Geometric_Algebra.md	domain	stable	1
_SpocWeb.Root/_std/SpocWeb.Projective/ga/XR300.cs:XR300.Dual8(IReadOnlyList<float>)	method	_SpocWeb.Root/_std/SpocWeb.Projective/ga/XR300.cs	code/extension_method, code/clifford_algebra	Mathematics\Geometry\Geometric_Algebra.md	domain	stable	1
_SpocWeb.Root/_std/SpocWeb.Projective/ga/XR300.cs:XR300.Involute8(IReadOnlyList<float>)	method	_SpocWeb.Root/_std/SpocWeb.Projective/ga/XR300.cs	code/extension_method, code/clifford_algebra	Mathematics\Geometry\Geometric_Algebra.md	domain	stable	1
_SpocWeb.Root/_std/SpocWeb.Projective/ga/XR300.cs:XR300.Neg8(IReadOnlyList<float>)	method	_SpocWeb.Root/_std/SpocWeb.Projective/ga/XR300.cs	code/extension_method, code/negation	Mathematics\Geometry\Geometric_Algebra.md	domain	stable	1
_SpocWeb.Root/_std/SpocWeb.Projective/ga/XR300.cs:XR300.CliffCjg8(IReadOnlyList<float>)	method	_SpocWeb.Root/_std/SpocWeb.Projective/ga/XR300.cs	code/extension_method, code/conjugate	Mathematics\Geometry\Geometric_Algebra.md	domain	stable	1
_SpocWeb.Root/_std/SpocWeb.Projective/ga/XR300.cs:XR300.NormSqr6R300Q(IReadOnlyList<float>)	method	_SpocWeb.Root/_std/SpocWeb.Projective/ga/XR300.cs	code/norm_calculation	Mathematics\Geometry\Geometric_Algebra.md	domain	stable	1
_SpocWeb.Root/_std/SpocWeb.Projective/ga/XR300.cs:XR300.NormSqr6R300(IReadOnlyList<float>)	method	_SpocWeb.Root/_std/SpocWeb.Projective/ga/XR300.cs	code/extension_method, code/norm_calculation	Mathematics\Geometry\Geometric_Algebra.md	domain	stable	1
_SpocWeb.Root/_std/SpocWeb.Projective/ga/XR300.cs:XR300.Times8(IReadOnlyList<float>,IReadOnlyList<float>)	method	_SpocWeb.Root/_std/SpocWeb.Projective/ga/XR300.cs	code/extension_method, code/geometric_product	Mathematics\Geometry\Geometric_Algebra.md	domain	stable	2
_SpocWeb.Root/_std/SpocWeb.Projective/ga/XR300.cs:XR300.Meet8(IReadOnlyList<float>,IReadOnlyList<float>)	method	_SpocWeb.Root/_std/SpocWeb.Projective/ga/XR300.cs	code/extension_method, code/outer_product	Mathematics\Geometry\Geometric_Algebra.md	domain	stable	2
_SpocWeb.Root/_std/SpocWeb.Projective/ga/XR300.cs:XR300.Join8(IReadOnlyList<float>,IReadOnlyList<float>)	method	_SpocWeb.Root/_std/SpocWeb.Projective/ga/XR300.cs	code/extension_method, code/clifford_algebra	Mathematics\Geometry\Geometric_Algebra.md	domain	stable	2
_SpocWeb.Root/_std/SpocWeb.Projective/ga/XR300.cs:XR300.Dot8(IReadOnlyList<float>,IReadOnlyList<float>)	method	_SpocWeb.Root/_std/SpocWeb.Projective/ga/XR300.cs	code/extension_method, code/dot_product	Mathematics\Geometry\Geometric_Algebra.md	domain	stable	2
_SpocWeb.Root/_std/SpocWeb.Projective/ga/XR300.cs:XR300.AllProductTests()	method	_SpocWeb.Root/_std/SpocWeb.Projective/ga/XR300.cs	code/test_data_generation	Mathematics\Geometry\Geometric_Algebra.md	generator	stable	2
_SpocWeb.Root/_std/SpocWeb.Projective/ga/XR300.cs:XR300.ProductTests(IReadOnlyList<IReadOnlyList<R300.Base>>,Func<IReadOnlyList<float>, IReadOnlyList<float>, float[]>)	method	_SpocWeb.Root/_std/SpocWeb.Projective/ga/XR300.cs	code/extension_method, code/test_data_generation	Mathematics\Geometry\Geometric_Algebra.md	generator	stable	1
_SpocWeb.Root/_std/SpocWeb.Projective/ga/XR300.cs:XR300.BaseVectorPairs()	method	_SpocWeb.Root/_std/SpocWeb.Projective/ga/XR300.cs	code/test_data_generation, code/combinatorial_generation	Mathematics\Geometry\Geometric_Algebra.md	generator	stable	2
_SpocWeb.Root/_std/SpocWeb.Projective/ga/XR300.cs:XR300.TestAllProducts((float[][] vectors, Func<IReadOnlyList<float>, IReadOnlyList<float>, float[]> product))	method	_SpocWeb.Root/_std/SpocWeb.Projective/ga/XR300.cs	code/unit_test	Mathematics\Geometry\Geometric_Algebra.md	test	stable	2
_SpocWeb.Root/_std/SpocWeb.Projective/ga/XR300.cs:XR300.CreateVectors(IReadOnlyList<IReadOnlyList<R300.Base>>,R300.Base,R300.Base,double,double)	method	_SpocWeb.Root/_std/SpocWeb.Projective/ga/XR300.cs	code/extension_method, code/test_data_generation	Mathematics\Geometry\Geometric_Algebra.md	generator	stable	1
_SpocWeb.Root/_std/SpocWeb.Projective/ga/XR300.cs:XR300.CreateVectors(R300.Base,R300.Base,double,double,R300.Base,int)	method	_SpocWeb.Root/_std/SpocWeb.Projective/ga/XR300.cs	code/extension_method, code/test_data_generation	Mathematics\Geometry\Geometric_Algebra.md	generator	stable	1
_SpocWeb.Root/_std/SpocWeb.Projective/ga/XR300.cs:XR300.Plus8(IReadOnlyList<float>,IReadOnlyList<float>)	method	_SpocWeb.Root/_std/SpocWeb.Projective/ga/XR300.cs	code/extension_method, code/vector_addition	Mathematics\Geometry\Geometric_Algebra.md	domain	stable	1
_SpocWeb.Root/_std/SpocWeb.Projective/ga/XR300.cs:XR300.Minus8(IReadOnlyList<float>,IReadOnlyList<float>)	method	_SpocWeb.Root/_std/SpocWeb.Projective/ga/XR300.cs	code/extension_method, code/vector_subtraction	Mathematics\Geometry\Geometric_Algebra.md	domain	stable	1
_SpocWeb.Root/_std/SpocWeb.Projective/ga/XR300.cs:XR300.Times8(IReadOnlyList<float>,float)	method	_SpocWeb.Root/_std/SpocWeb.Projective/ga/XR300.cs	code/extension_method, code/scalar_multiplication	Mathematics\Geometry\Geometric_Algebra.md	domain	stable	1
_SpocWeb.Root/_std/SpocWeb.Projective/ga/XR300.cs:XR300.RandomR300()	method	_SpocWeb.Root/_std/SpocWeb.Projective/ga/XR300.cs	code/random_number_generator, code/test_data_generation	Mathematics\Geometry\Geometric_Algebra.md	generator	stable	2
_SpocWeb.Root/_std/SpocWeb.Projective/ga/XR300.cs:XR300.RandomR300Vector()	method	_SpocWeb.Root/_std/SpocWeb.Projective/ga/XR300.cs	code/random_number_generator, code/test_data_generation	Mathematics\Geometry\Geometric_Algebra.md	generator	stable	2
_SpocWeb.Root/_std/SpocWeb.Projective/ga/XR300.cs:XR300.TestAssociativity(R300)	method	_SpocWeb.Root/_std/SpocWeb.Projective/ga/XR300.cs	code/unit_test, code/algebraic_properties	Mathematics\Geometry\Geometric_Algebra.md	test	stable	2
_SpocWeb.Root/_std/SpocWeb.Projective/ga/XR300.cs:XR300.TestInverseVector(R300)	method	_SpocWeb.Root/_std/SpocWeb.Projective/ga/XR300.cs	code/unit_test, code/reciprocal	Mathematics\Geometry\Geometric_Algebra.md	test	stable	2
_SpocWeb.Root/_std/SpocWeb.Projective/ga/XR300.cs:XR300.TestRcp(R300)	method	_SpocWeb.Root/_std/SpocWeb.Projective/ga/XR300.cs	code/unit_test, code/reciprocal	Mathematics\Geometry\Geometric_Algebra.md	test	stable	2
_SpocWeb.Root/_std/SpocWeb.Projective/ga/XR300Dbl.cs:XR300Dbl	class	_SpocWeb.Root/_std/SpocWeb.Projective/ga/XR300Dbl.cs	code/extension_method, code/clifford_algebra	Mathematics\Geometry\Geometric_Algebra.md	domain	stable	2
_SpocWeb.Root/_std/SpocWeb.Projective/ga/XR300Dbl.cs:XR300Dbl.Reverted8(IReadOnlyList<double>)	method	_SpocWeb.Root/_std/SpocWeb.Projective/ga/XR300Dbl.cs	code/extension_method, code/clifford_algebra	Mathematics\Geometry\Geometric_Algebra.md	domain	stable	1
_SpocWeb.Root/_std/SpocWeb.Projective/ga/XR300Dbl.cs:XR300Dbl.Dual8(IReadOnlyList<double>)	method	_SpocWeb.Root/_std/SpocWeb.Projective/ga/XR300Dbl.cs	code/extension_method, code/clifford_algebra	Mathematics\Geometry\Geometric_Algebra.md	domain	stable	1
_SpocWeb.Root/_std/SpocWeb.Projective/ga/XR300Dbl.cs:XR300Dbl.Involute8(IReadOnlyList<double>)	method	_SpocWeb.Root/_std/SpocWeb.Projective/ga/XR300Dbl.cs	code/extension_method, code/clifford_algebra	Mathematics\Geometry\Geometric_Algebra.md	domain	stable	1
_SpocWeb.Root/_std/SpocWeb.Projective/ga/XR300Dbl.cs:XR300Dbl.Neg8(IReadOnlyList<double>)	method	_SpocWeb.Root/_std/SpocWeb.Projective/ga/XR300Dbl.cs	code/extension_method, code/negation	Mathematics\Geometry\Geometric_Algebra.md	domain	stable	1
_SpocWeb.Root/_std/SpocWeb.Projective/ga/XR300Dbl.cs:XR300Dbl.CliffCjg8(IReadOnlyList<double>)	method	_SpocWeb.Root/_std/SpocWeb.Projective/ga/XR300Dbl.cs	code/extension_method, code/conjugate	Mathematics\Geometry\Geometric_Algebra.md	domain	stable	1
_SpocWeb.Root/_std/SpocWeb.Projective/ga/XR300Dbl.cs:XR300Dbl.NormSqr6R300Q(IReadOnlyList<double>)	method	_SpocWeb.Root/_std/SpocWeb.Projective/ga/XR300Dbl.cs	code/norm_calculation	Mathematics\Geometry\Geometric_Algebra.md	domain	stable	1
_SpocWeb.Root/_std/SpocWeb.Projective/ga/XR300Dbl.cs:XR300Dbl.NormSqr6R300(IReadOnlyList<double>)	method	_SpocWeb.Root/_std/SpocWeb.Projective/ga/XR300Dbl.cs	code/extension_method, code/norm_calculation	Mathematics\Geometry\Geometric_Algebra.md	domain	stable	1
_SpocWeb.Root/_std/SpocWeb.Projective/ga/XR300Dbl.cs:XR300Dbl.Times8(IReadOnlyList<double>,IReadOnlyList<double>)	method	_SpocWeb.Root/_std/SpocWeb.Projective/ga/XR300Dbl.cs	code/extension_method, code/geometric_product	Mathematics\Geometry\Geometric_Algebra.md	domain	stable	2
_SpocWeb.Root/_std/SpocWeb.Projective/ga/XR300Dbl.cs:XR300Dbl.Meet8(IReadOnlyList<double>,IReadOnlyList<double>)	method	_SpocWeb.Root/_std/SpocWeb.Projective/ga/XR300Dbl.cs	code/extension_method, code/outer_product	Mathematics\Geometry\Geometric_Algebra.md	domain	stable	2
_SpocWeb.Root/_std/SpocWeb.Projective/ga/XR300Dbl.cs:XR300Dbl.Join8(IReadOnlyList<double>,IReadOnlyList<double>)	method	_SpocWeb.Root/_std/SpocWeb.Projective/ga/XR300Dbl.cs	code/extension_method, code/clifford_algebra	Mathematics\Geometry\Geometric_Algebra.md	domain	stable	2
_SpocWeb.Root/_std/SpocWeb.Projective/ga/XR300Dbl.cs:XR300Dbl.Dot8(IReadOnlyList<double>,IReadOnlyList<double>)	method	_SpocWeb.Root/_std/SpocWeb.Projective/ga/XR300Dbl.cs	code/extension_method, code/dot_product	Mathematics\Geometry\Geometric_Algebra.md	domain	stable	2
_SpocWeb.Root/_std/SpocWeb.Projective/ga/XR300Dbl.cs:XR300Dbl.BaseVectorPairs()	method	_SpocWeb.Root/_std/SpocWeb.Projective/ga/XR300Dbl.cs	code/test_data_generation, code/combinatorial_generation	Mathematics\Geometry\Geometric_Algebra.md	domain	stable	2
_SpocWeb.Root/_std/SpocWeb.Projective/ga/XR300Dbl.cs:XR300Dbl.CreateVectors(R300.Base,R300.Base,double,double,R300.Base,int)	method	_SpocWeb.Root/_std/SpocWeb.Projective/ga/XR300Dbl.cs	code/test_data_generation	Mathematics\Geometry\Geometric_Algebra.md	domain	stable	1
_SpocWeb.Root/_std/SpocWeb.Projective/ga/XR300Dbl.cs:XR300Dbl.Plus8(IReadOnlyList<double>,IReadOnlyList<double>)	method	_SpocWeb.Root/_std/SpocWeb.Projective/ga/XR300Dbl.cs	code/extension_method, code/vector_addition	Mathematics\Geometry\Geometric_Algebra.md	domain	stable	1
_SpocWeb.Root/_std/SpocWeb.Projective/ga/XR300Dbl.cs:XR300Dbl.Minus8(IReadOnlyList<double>,IReadOnlyList<double>)	method	_SpocWeb.Root/_std/SpocWeb.Projective/ga/XR300Dbl.cs	code/extension_method, code/vector_subtraction	Mathematics\Geometry\Geometric_Algebra.md	domain	stable	1
_SpocWeb.Root/_std/SpocWeb.Projective/ga/XR300Dbl.cs:XR300Dbl.Times8(IReadOnlyList<double>,double)	method	_SpocWeb.Root/_std/SpocWeb.Projective/ga/XR300Dbl.cs	code/extension_method, code/scalar_multiplication	Mathematics\Geometry\Geometric_Algebra.md	domain	stable	1
_SpocWeb.Root/_std/SpocWeb.Projective/ga/XR310.cs:XR310	class	_SpocWeb.Root/_std/SpocWeb.Projective/ga/XR310.cs	code/extension_method, code/conformal_geometric_algebra	Mathematics\Geometry\Geometric_Algebra.md	domain	stable	1
_SpocWeb.Root/_std/SpocWeb.Projective/ga/XR310.cs:XR310.Neg16(IReadOnlyList<float>)	method	_SpocWeb.Root/_std/SpocWeb.Projective/ga/XR310.cs	code/extension_method, code/negation	Mathematics\Geometry\Geometric_Algebra.md	domain	stable	1
_SpocWeb.Root/_std/SpocWeb.Projective/ga/XR310.cs:XR310.Dual16R(float[])	method	_SpocWeb.Root/_std/SpocWeb.Projective/ga/XR310.cs	code/extension_method, code/clifford_algebra	Mathematics\Geometry\Geometric_Algebra.md	domain	stable	1
_SpocWeb.Root/_std/SpocWeb.Projective/ga/XR310.cs:XR310.CliffCjg16R(float[])	method	_SpocWeb.Root/_std/SpocWeb.Projective/ga/XR310.cs	code/extension_method, code/conjugate	Mathematics\Geometry\Geometric_Algebra.md	domain	stable	1
_SpocWeb.Root/_std/SpocWeb.Projective/ga/XR310.cs:XR310.Involute(float[])	method	_SpocWeb.Root/_std/SpocWeb.Projective/ga/XR310.cs	code/extension_method, code/clifford_algebra	Mathematics\Geometry\Geometric_Algebra.md	domain	stable	1
_SpocWeb.Root/_std/SpocWeb.Projective/ga/XR310.cs:XR310.NormSqr16R310Q(IReadOnlyList<float>)	method	_SpocWeb.Root/_std/SpocWeb.Projective/ga/XR310.cs	code/norm_calculation	Mathematics\Geometry\Geometric_Algebra.md	domain	stable	1
_SpocWeb.Root/_std/SpocWeb.Projective/ga/XR310.cs:XR310.NormSqr16R310(IReadOnlyList<float>)	method	_SpocWeb.Root/_std/SpocWeb.Projective/ga/XR310.cs	code/extension_method, code/norm_calculation	Mathematics\Geometry\Geometric_Algebra.md	domain	stable	1
_SpocWeb.Root/_std/SpocWeb.Projective/ga/XR310.cs:XR310.Times16R(IReadOnlyList<float>,IReadOnlyList<float>)	method	_SpocWeb.Root/_std/SpocWeb.Projective/ga/XR310.cs	code/extension_method, code/geometric_product	Mathematics\Geometry\Geometric_Algebra.md	domain	stable	1
_SpocWeb.Root/_std/SpocWeb.Projective/ga/XR310.cs:XR310.Wedge16R(IReadOnlyList<float>,IReadOnlyList<float>)	method	_SpocWeb.Root/_std/SpocWeb.Projective/ga/XR310.cs	code/extension_method, code/outer_product	Mathematics\Geometry\Geometric_Algebra.md	domain	stable	1
_SpocWeb.Root/_std/SpocWeb.Projective/ga/XR310.cs:XR310.Join16R(IReadOnlyList<float>,IReadOnlyList<float>)	method	_SpocWeb.Root/_std/SpocWeb.Projective/ga/XR310.cs	code/extension_method, code/clifford_algebra	Mathematics\Geometry\Geometric_Algebra.md	domain	stable	1
_SpocWeb.Root/_std/SpocWeb.Projective/ga/XR310.cs:XR310.Dot16R(IReadOnlyList<float>,IReadOnlyList<float>)	method	_SpocWeb.Root/_std/SpocWeb.Projective/ga/XR310.cs	code/extension_method, code/dot_product	Mathematics\Geometry\Geometric_Algebra.md	domain	stable	1
_SpocWeb.Root/_std/SpocWeb.Projective/ga/XR310.Tests.cs:XR310	class	_SpocWeb.Root/_std/SpocWeb.Projective/ga/XR310.Tests.cs	code/unit_test, code/conformal_geometric_algebra	Mathematics\Geometry\Geometric_Algebra.md	test	stable	3
_SpocWeb.Root/_std/SpocWeb.Projective/ga/XR310.Tests.cs:XR310.GetFactor(R310.Base)	method	_SpocWeb.Root/_std/SpocWeb.Projective/ga/XR310.Tests.cs	code/extension_method, code/geometric_algebra	Mathematics\Geometry\Geometric_Algebra.md	test	stable	1
_SpocWeb.Root/_std/SpocWeb.Projective/ga/XR310.Tests.cs:XR310.AllProductTests()	method	_SpocWeb.Root/_std/SpocWeb.Projective/ga/XR310.Tests.cs	code/test_data_generation, code/geometric_algebra	Mathematics\Geometry\Geometric_Algebra.md	test	stable	2
_SpocWeb.Root/_std/SpocWeb.Projective/ga/XR310.Tests.cs:XR310.ProductTests(IReadOnlyList<IReadOnlyList<R310.Base>>,Func<IReadOnlyList<float>, IReadOnlyList<float>, float[]>)	method	_SpocWeb.Root/_std/SpocWeb.Projective/ga/XR310.Tests.cs	code/extension_method, code/test_vector_generation	Mathematics\Geometry\Geometric_Algebra.md	test	stable	2
_SpocWeb.Root/_std/SpocWeb.Projective/ga/XR310.Tests.cs:XR310.BaseVectorPairs()	method	_SpocWeb.Root/_std/SpocWeb.Projective/ga/XR310.Tests.cs	code/test_vector_generation, code/geometric_algebra	Mathematics\Geometry\Geometric_Algebra.md	test	stable	2
_SpocWeb.Root/_std/SpocWeb.Projective/ga/XR310.Tests.cs:XR310.TestAllProducts((float[][] vectors, Func<IReadOnlyList<float>, IReadOnlyList<float>, float[]> product))	method	_SpocWeb.Root/_std/SpocWeb.Projective/ga/XR310.Tests.cs	code/unit_test, code/geometric_algebra	Mathematics\Geometry\Geometric_Algebra.md	test	stable	1
_SpocWeb.Root/_std/SpocWeb.Projective/ga/XR310.Tests.cs:XR310.CreateVectors(IReadOnlyList<IReadOnlyList<R310.Base>>,R310.Base,R310.Base,double,double)	method	_SpocWeb.Root/_std/SpocWeb.Projective/ga/XR310.Tests.cs	code/extension_method, code/test_vector_generation	Mathematics\Geometry\Geometric_Algebra.md	test	stable	2
_SpocWeb.Root/_std/SpocWeb.Projective/ga/XR310.Tests.cs:XR310.CreateVectors(R310.Base,R310.Base,double,double,R310.Base,int)	method	_SpocWeb.Root/_std/SpocWeb.Projective/ga/XR310.Tests.cs	code/extension_method, code/test_vector_generation	Mathematics\Geometry\Geometric_Algebra.md	test	stable	2
_SpocWeb.Root/_std/SpocWeb.Projective/ga/XR310.Tests.cs:XR310.RandomR310()	method	_SpocWeb.Root/_std/SpocWeb.Projective/ga/XR310.Tests.cs	code/random_data_generation, code/test_vector_generation	Mathematics\Geometry\Geometric_Algebra.md	test	stable	1
_SpocWeb.Root/_std/SpocWeb.Projective/ga/XR310.Tests.cs:XR310.TestAssociativity(R310)	method	_SpocWeb.Root/_std/SpocWeb.Projective/ga/XR310.Tests.cs	code/unit_test, code/algebraic_laws	Mathematics\Geometry\Geometric_Algebra.md	test	stable	2
_SpocWeb.Root/_std/SpocWeb.Projective/ga/XR310.Tests.cs:XR310.RandomR310Vector()	method	_SpocWeb.Root/_std/SpocWeb.Projective/ga/XR310.Tests.cs	code/random_data_generation, code/test_vector_generation	Mathematics\Geometry\Geometric_Algebra.md	test	stable	1
_SpocWeb.Root/_std/SpocWeb.Projective/ga/XR310.Tests.cs:XR310.TestInverseVector(R310)	method	_SpocWeb.Root/_std/SpocWeb.Projective/ga/XR310.Tests.cs	code/unit_test, code/inversion, code/property_testing	Mathematics\Geometry\Geometric_Algebra.md	test	stable	2
_SpocWeb.Root/_std/SpocWeb.Projective/ga/XR310.Tests.cs:XR310.TestRcp(R310)	method	_SpocWeb.Root/_std/SpocWeb.Projective/ga/XR310.Tests.cs	code/unit_test, code/inversion, code/property_testing	Mathematics\Geometry\Geometric_Algebra.md	test	stable	2
_SpocWeb.Root/_std/SpocWeb.Projective/ga/XR410.Tests.cs:XR410	class	_SpocWeb.Root/_std/SpocWeb.Projective/ga/XR410.Tests.cs	code/unit_test, code/conformal_geometric_algebra	Mathematics\Geometry\Geometric_Algebra.md	test	partial	3
_SpocWeb.Root/_std/SpocWeb.Projective/ga/XR410.Tests.cs:XR410.GetFactor(R410.Base)	method	_SpocWeb.Root/_std/SpocWeb.Projective/ga/XR410.Tests.cs	code/extension_method, code/canonicalization, code/geometric_algebra	Mathematics\Geometry\Geometric_Algebra.md	test	stable	2
_SpocWeb.Root/_std/SpocWeb.Projective/ga/XR410.Tests.cs:XR410.Grade(R410.Base)	method	_SpocWeb.Root/_std/SpocWeb.Projective/ga/XR410.Tests.cs	code/extension_method, code/grade_computation	Mathematics\Geometry\Geometric_Algebra.md	test	stable	2
_SpocWeb.Root/_std/SpocWeb.Projective/ga/XR410.Tests.cs:XR410.AllProductTests()	method	_SpocWeb.Root/_std/SpocWeb.Projective/ga/XR410.Tests.cs	code/test_data_generation, code/test_vector_generation	Mathematics\Geometry\Geometric_Algebra.md	test	stable	2
_SpocWeb.Root/_std/SpocWeb.Projective/ga/XR410.Tests.cs:XR410.ProductTests(IReadOnlyList<IReadOnlyList<R410.Base>>,Func<IReadOnlyList<float>, IReadOnlyList<float>, float[]>)	method	_SpocWeb.Root/_std/SpocWeb.Projective/ga/XR410.Tests.cs	code/extension_method, code/test_data_generation, code/test_vector_generation	Mathematics\Geometry\Geometric_Algebra.md	test	stable	2
_SpocWeb.Root/_std/SpocWeb.Projective/ga/XR410.Tests.cs:XR410.BaseVectorPairs()	method	_SpocWeb.Root/_std/SpocWeb.Projective/ga/XR410.Tests.cs	code/combinatorial_generation, code/test_data_generation	Mathematics\Geometry\Geometric_Algebra.md	test	stable	2
_SpocWeb.Root/_std/SpocWeb.Projective/ga/XR410.Tests.cs:XR410.TestAllProducts((float[][] vectors, Func<IReadOnlyList<float>, IReadOnlyList<float>, float[]> product))	method	_SpocWeb.Root/_std/SpocWeb.Projective/ga/XR410.Tests.cs	code/unit_test, code/property_testing	Mathematics\Geometry\Geometric_Algebra.md	test	stable	1
_SpocWeb.Root/_std/SpocWeb.Projective/ga/XR410.Tests.cs:XR410.CreateVectorPairs(IReadOnlyList<IReadOnlyList<R410.Base>>,R410.Base,R410.Base,double,double)	method	_SpocWeb.Root/_std/SpocWeb.Projective/ga/XR410.Tests.cs	code/extension_method, code/test_vector_generation	Mathematics\Geometry\Geometric_Algebra.md	test	stable	2
_SpocWeb.Root/_std/SpocWeb.Projective/ga/XR410.Tests.cs:XR410.CreateVectorPairs(R410.Base,R410.Base,double,double,R410.Base,int)	method	_SpocWeb.Root/_std/SpocWeb.Projective/ga/XR410.Tests.cs	code/extension_method, code/test_vector_generation	Mathematics\Geometry\Geometric_Algebra.md	test	stable	2
_SpocWeb.Root/_std/SpocWeb.Projective/ga/XR410.Tests.cs:XR410.TestJoinMeet((R410.Base x, R410.Base y))	method	_SpocWeb.Root/_std/SpocWeb.Projective/ga/XR410.Tests.cs	code/unit_test, code/join_operation, code/algebraic_laws	Mathematics\Geometry\Geometric_Algebra.md	test	partial	3
_SpocWeb.Root/_std/SpocWeb.Projective/ga/XR410.Tests.cs:XR410.RandomR410()	method	_SpocWeb.Root/_std/SpocWeb.Projective/ga/XR410.Tests.cs	code/random_data_generation	Mathematics\Geometry\Geometric_Algebra.md	test	stable	1
_SpocWeb.Root/_std/SpocWeb.Projective/ga/XR410.Tests.cs:XR410.TestRcp(R410)	method	_SpocWeb.Root/_std/SpocWeb.Projective/ga/XR410.Tests.cs	code/unit_test, code/reciprocal, code/algebraic_laws	Mathematics\Geometry\Geometric_Algebra.md	test	stable	2
_SpocWeb.Root/_std/SpocWeb.Projective/pga/HyperOperation.cs:HyperOperation	class	_SpocWeb.Root/_std/SpocWeb.Projective/pga/HyperOperation.cs	code/hyperoperation, code/recursive_sequence	Mathematics\Geometry\Geometric_Algebra.md	domain	stable	1
_SpocWeb.Root/_std/SpocWeb.Projective/pga	folder	_SpocWeb.Root/_std/SpocWeb.Projective/pga	code/geometric_algebra	pga_motors/reflectors	domain	stable	2
_SpocWeb.Root/_std/SpocWeb.Projective/pga/Motor2P.cs:Motor2P	class	_SpocWeb.Root/_std/SpocWeb.Projective/pga/Motor2P.cs	code/projective_geometric_algebra, code/rigid_body_physics	Mathematics\Geometry\Geometric_Algebra.md	domain	stable	2
_SpocWeb.Root/_std/SpocWeb.Projective/pga/Motor3P.cs:Motor3P	class	_SpocWeb.Root/_std/SpocWeb.Projective/pga/Motor3P.cs	code/projective_geometric_algebra, code/rigid_body_physics	Mathematics\Geometry\Geometric_Algebra.md	domain	stable	3
_SpocWeb.Root/_std/SpocWeb.Projective/pga/Pga2D.cs:Pga2D	class	_SpocWeb.Root/_std/SpocWeb.Projective/pga/Pga2D.cs	code/projective_geometric_algebra	Mathematics\Geometry\Geometric_Algebra.md	domain	stable	2
_SpocWeb.Root/_std/SpocWeb.Projective/pga/Pga2D.cs:Make	class	_SpocWeb.Root/_std/SpocWeb.Projective/pga/Pga2D.cs	code/factory, code/projective_geometric_algebra	Mathematics\Geometry\Geometric_Algebra.md	domain	stable	2
_SpocWeb.Root/_std/SpocWeb.Projective/pga/Pga2D.cs:Make.Point(double,double,double)	method	_SpocWeb.Root/_std/SpocWeb.Projective/pga/Pga2D.cs	code/factory_method, code/projective_geometric_algebra	Mathematics\Geometry\Geometric_Algebra.md	domain	stable	1
_SpocWeb.Root/_std/SpocWeb.Projective/pga/Pga2D.cs:Make.PointPolar(double,double)	method	_SpocWeb.Root/_std/SpocWeb.Projective/pga/Pga2D.cs	code/factory_method, code/polar_coordinates	Mathematics\Geometry\Geometric_Algebra.md	domain	stable	2
_SpocWeb.Root/_std/SpocWeb.Projective/pga/Pga2D.cs:Make.Line(double,double)	method	_SpocWeb.Root/_std/SpocWeb.Projective/pga/Pga2D.cs	code/factory_method, code/projective_geometric_algebra	Mathematics\Geometry\Geometric_Algebra.md	domain	stable	1
_SpocWeb.Root/_std/SpocWeb.Projective/pga/Pga2D.cs:Make.Line(double,double,double)	method	_SpocWeb.Root/_std/SpocWeb.Projective/pga/Pga2D.cs	code/factory_method, code/projective_geometric_algebra	Mathematics\Geometry\Geometric_Algebra.md	domain	stable	1
_SpocWeb.Root/_std/SpocWeb.Projective/pga/Pga2D.cs:Make.Line(double,double,double,double)	method	_SpocWeb.Root/_std/SpocWeb.Projective/pga/Pga2D.cs	code/factory_method, code/projective_geometric_algebra	Mathematics\Geometry\Geometric_Algebra.md	domain	stable	2
_SpocWeb.Root/_std/SpocWeb.Projective/pga/Pga2D.cs:Make.Line(Vector2,Vector2)	method	_SpocWeb.Root/_std/SpocWeb.Projective/pga/Pga2D.cs	code/factory_method, code/projective_geometric_algebra	Mathematics\Geometry\Geometric_Algebra.md	domain	stable	2
_SpocWeb.Root/_std/SpocWeb.Projective/pga/Pga2D.cs:Points	class	_SpocWeb.Root/_std/SpocWeb.Projective/pga/Pga2D.cs	code/enum, code/projective_geometric_algebra	Mathematics\Geometry\Geometric_Algebra.md	domain	stable	1
_SpocWeb.Root/_std/SpocWeb.Projective/pga/Pga2D.cs:Lines	class	_SpocWeb.Root/_std/SpocWeb.Projective/pga/Pga2D.cs	code/enum, code/projective_geometric_algebra	Mathematics\Geometry\Geometric_Algebra.md	domain	stable	1
_SpocWeb.Root/_std/SpocWeb.Projective/pga/Pga2D.cs:Base	class	_SpocWeb.Root/_std/SpocWeb.Projective/pga/Pga2D.cs	code/enum, code/projective_geometric_algebra	Mathematics\Geometry\Geometric_Algebra.md	domain	stable	1
_SpocWeb.Root/_std/SpocWeb.Projective/pga/Pga2D.cs:AxisTrans	class	_SpocWeb.Root/_std/SpocWeb.Projective/pga/Pga2D.cs	code/enum, code/projective_geometric_algebra	Mathematics\Geometry\Geometric_Algebra.md	domain	stable	1
_SpocWeb.Root/_std/SpocWeb.Projective/pga/Pga2D.cs:AxisRot	class	_SpocWeb.Root/_std/SpocWeb.Projective/pga/Pga2D.cs	code/enum, code/projective_geometric_algebra	Mathematics\Geometry\Geometric_Algebra.md	domain	stable	1
_SpocWeb.Root/_std/SpocWeb.Projective/pga/Pga2D.cs:Geo	class	_SpocWeb.Root/_std/SpocWeb.Projective/pga/Pga2D.cs	code/enum, code/polar_coordinates	Mathematics\Geometry\Geometric_Algebra.md	domain	stable	1
_SpocWeb.Root/_std/SpocWeb.Projective/pga/Pga2D.cs:Bases	class	_SpocWeb.Root/_std/SpocWeb.Projective/pga/Pga2D.cs	code/enum, code/projective_geometric_algebra	Mathematics\Geometry\Geometric_Algebra.md	domain	stable	1
_SpocWeb.Root/_std/SpocWeb.Projective/pga/Pga2D.cs:Types	class	_SpocWeb.Root/_std/SpocWeb.Projective/pga/Pga2D.cs	code/enum, code/projective_geometric_algebra	Mathematics\Geometry\Geometric_Algebra.md	domain	stable	1
_SpocWeb.Root/_std/SpocWeb.Projective/pga/Pga2Dbl.cs:Pga2Dbl	class	_SpocWeb.Root/_std/SpocWeb.Projective/pga/Pga2Dbl.cs	code/projective_geometric_algebra	Mathematics\Geometry\Geometric_Algebra.md	domain	stable	2
_SpocWeb.Root/_std/SpocWeb.Projective/pga/Pga2Dbl.cs:Make	class	_SpocWeb.Root/_std/SpocWeb.Projective/pga/Pga2Dbl.cs	code/factory, code/projective_geometric_algebra	Mathematics\Geometry\Geometric_Algebra.md	domain	stable	2
_SpocWeb.Root/_std/SpocWeb.Projective/pga/Pga2Dbl.cs:Make.Point(double,double,double)	method	_SpocWeb.Root/_std/SpocWeb.Projective/pga/Pga2Dbl.cs	code/factory_method, code/homogeneous_coordinates	point_construction	domain	stable	1
_SpocWeb.Root/_std/SpocWeb.Projective/pga/Pga2Dbl.cs:Make.PointPolar(double,double)	method	_SpocWeb.Root/_std/SpocWeb.Projective/pga/Pga2Dbl.cs	code/factory_method, code/polar_coordinates, code/trigonometry	polar_coordinates	domain	stable	2
_SpocWeb.Root/_std/SpocWeb.Projective/pga/Pga2Dbl.cs:Make.Line(double,double)	method	_SpocWeb.Root/_std/SpocWeb.Projective/pga/Pga2Dbl.cs	code/factory_method, code/homogeneous_coordinates	line_construction	domain	stable	1
_SpocWeb.Root/_std/SpocWeb.Projective/pga/Pga2Dbl.cs:Make.Line(double,double,double)	method	_SpocWeb.Root/_std/SpocWeb.Projective/pga/Pga2Dbl.cs	code/factory_method, code/coordinate_conversion	line_construction	domain	stable	1
_SpocWeb.Root/_std/SpocWeb.Projective/pga/Pga2Dbl.cs:Make.Line(double,double,double,double)	method	_SpocWeb.Root/_std/SpocWeb.Projective/pga/Pga2Dbl.cs	code/factory_method, code/coordinate_conversion	line_construction	domain	stable	1
_SpocWeb.Root/_std/SpocWeb.Projective/pga/Pga2Dbl.cs:Make.Line(Vector2,Vector2)	method	_SpocWeb.Root/_std/SpocWeb.Projective/pga/Pga2Dbl.cs	code/factory_method, code/coordinate_conversion	line_construction	domain	stable	1
_SpocWeb.Root/_std/SpocWeb.Projective/pga/Pga2Dbl.cs:Points	class	_SpocWeb.Root/_std/SpocWeb.Projective/pga/Pga2Dbl.cs	code/enum, code/projective_geometric_algebra	Mathematics\Geometry\Geometric_Algebra.md	domain	stable	1
_SpocWeb.Root/_std/SpocWeb.Projective/pga/Pga2Dbl.cs:Lines	class	_SpocWeb.Root/_std/SpocWeb.Projective/pga/Pga2Dbl.cs	code/enum, code/projective_geometric_algebra	Mathematics\Geometry\Geometric_Algebra.md	domain	stable	1
_SpocWeb.Root/_std/SpocWeb.Projective/pga/Pga2Dbl.cs:Base	class	_SpocWeb.Root/_std/SpocWeb.Projective/pga/Pga2Dbl.cs	code/enum, code/projective_geometric_algebra	Mathematics\Geometry\Geometric_Algebra.md	domain	stable	1
_SpocWeb.Root/_std/SpocWeb.Projective/pga/Pga2Dbl.cs:AxisTrans	class	_SpocWeb.Root/_std/SpocWeb.Projective/pga/Pga2Dbl.cs	code/enum, code/projective_geometric_algebra	Mathematics\Geometry\Geometric_Algebra.md	domain	stable	1
_SpocWeb.Root/_std/SpocWeb.Projective/pga/Pga2Dbl.cs:AxisRot	class	_SpocWeb.Root/_std/SpocWeb.Projective/pga/Pga2Dbl.cs	code/enum, code/projective_geometric_algebra	Mathematics\Geometry\Geometric_Algebra.md	domain	stable	1
_SpocWeb.Root/_std/SpocWeb.Projective/pga/Pga2Dbl.cs:Geo	class	_SpocWeb.Root/_std/SpocWeb.Projective/pga/Pga2Dbl.cs	code/enum, code/polar_coordinates	Mathematics\Geometry\Geometric_Algebra.md	domain	stable	1
_SpocWeb.Root/_std/SpocWeb.Projective/pga/Pga2Dbl.cs:Bases	class	_SpocWeb.Root/_std/SpocWeb.Projective/pga/Pga2Dbl.cs	code/enum, code/projective_geometric_algebra	Mathematics\Geometry\Geometric_Algebra.md	domain	stable	1
_SpocWeb.Root/_std/SpocWeb.Projective/pga/Pga2Dbl.cs:Types	class	_SpocWeb.Root/_std/SpocWeb.Projective/pga/Pga2Dbl.cs	code/enum, code/projective_geometric_algebra	Mathematics\Geometry\Geometric_Algebra.md	domain	stable	1
_SpocWeb.Root/_std/SpocWeb.Projective/pga/Pga3d.cs:XPga3D	class	_SpocWeb.Root/_std/SpocWeb.Projective/pga/Pga3d.cs	code/extension_method, code/projective_geometric_algebra	Mathematics\Geometry\Geometric_Algebra.md	domain	stable	2
_SpocWeb.Root/_std/SpocWeb.Projective/pga/Pga3d.cs:XPga3D.V(Pga3D.Base)	method	_SpocWeb.Root/_std/SpocWeb.Projective/pga/Pga3d.cs	code/extension_method, code/implicit_conversion, code/projective_geometric_algebra	Mathematics\Geometry\Geometric_Algebra.md	domain	stable	1
_SpocWeb.Root/_std/SpocWeb.Projective/pga/Pga3d.cs:XPga3D.V(Pga3D.AxisTrans)	method	_SpocWeb.Root/_std/SpocWeb.Projective/pga/Pga3d.cs	code/extension_method, code/implicit_conversion, code/projective_geometric_algebra	Mathematics\Geometry\Geometric_Algebra.md	domain	stable	1
_SpocWeb.Root/_std/SpocWeb.Projective/pga/Pga3d.cs:XPga3D.V(Pga3D.AxisRot)	method	_SpocWeb.Root/_std/SpocWeb.Projective/pga/Pga3d.cs	code/extension_method, code/implicit_conversion, code/projective_geometric_algebra	Mathematics\Geometry\Geometric_Algebra.md	domain	stable	1
_SpocWeb.Root/_std/SpocWeb.Projective/pga/Pga3d.cs:XPga3D.V(Pga3D.Geo)	method	_SpocWeb.Root/_std/SpocWeb.Projective/pga/Pga3d.cs	code/extension_method, code/implicit_conversion, code/projective_geometric_algebra	Mathematics\Geometry\Geometric_Algebra.md	domain	stable	1
_SpocWeb.Root/_std/SpocWeb.Projective/pga/Pga3d.cs:XPga3D.V(Pga3D.Planes)	method	_SpocWeb.Root/_std/SpocWeb.Projective/pga/Pga3d.cs	code/extension_method, code/implicit_conversion, code/projective_geometric_algebra	Mathematics\Geometry\Geometric_Algebra.md	domain	stable	1
_SpocWeb.Root/_std/SpocWeb.Projective/pga/Pga3d.cs:XPga3D.V(Pga3D.Points)	method	_SpocWeb.Root/_std/SpocWeb.Projective/pga/Pga3d.cs	code/extension_method, code/implicit_conversion, code/projective_geometric_algebra	Mathematics\Geometry\Geometric_Algebra.md	domain	stable	1
_SpocWeb.Root/_std/SpocWeb.Projective/pga/Pga3d.cs:XPga3D.AsBlade(Pga3D.Base,double)	method	_SpocWeb.Root/_std/SpocWeb.Projective/pga/Pga3d.cs	code/extension_method, code/factory, code/projective_geometric_algebra	Mathematics\Geometry\Geometric_Algebra.md	domain	stable	1
_SpocWeb.Root/_std/SpocWeb.Projective/pga/Pga3d.cs:XPga3D.AsBlade(Pga3D.Points,double)	method	_SpocWeb.Root/_std/SpocWeb.Projective/pga/Pga3d.cs	code/extension_method, code/factory, code/projective_geometric_algebra	Mathematics\Geometry\Geometric_Algebra.md	domain	stable	1
_SpocWeb.Root/_std/SpocWeb.Projective/pga/Pga3d.cs:XPga3D.AsBlade(Pga3D.Planes,double)	method	_SpocWeb.Root/_std/SpocWeb.Projective/pga/Pga3d.cs	code/extension_method, code/factory, code/projective_geometric_algebra	Mathematics\Geometry\Geometric_Algebra.md	domain	stable	1
_SpocWeb.Root/_std/SpocWeb.Projective/pga/Pga3d.cs:XPga3D.AsBlade(Pga3D.AxisTrans,double)	method	_SpocWeb.Root/_std/SpocWeb.Projective/pga/Pga3d.cs	code/extension_method, code/factory, code/projective_geometric_algebra	Mathematics\Geometry\Geometric_Algebra.md	domain	stable	1
_SpocWeb.Root/_std/SpocWeb.Projective/pga/Pga3d.cs:XPga3D.AsBlade(Pga3D.AxisRot,double)	method	_SpocWeb.Root/_std/SpocWeb.Projective/pga/Pga3d.cs	code/extension_method, code/factory, code/projective_geometric_algebra	Mathematics\Geometry\Geometric_Algebra.md	domain	stable	1
_SpocWeb.Root/_std/SpocWeb.Projective/pga/Pga3d.cs:XPga3D.TestComponents(Pga3D.Base)	method	_SpocWeb.Root/_std/SpocWeb.Projective/pga/Pga3d.cs	code/unit_test, code/projective_geometric_algebra	Mathematics\Geometry\Geometric_Algebra.md	test	stable	1
_SpocWeb.Root/_std/SpocWeb.Projective/pga/Pga3d.cs:XPga3D.TestMake()	method	_SpocWeb.Root/_std/SpocWeb.Projective/pga/Pga3d.cs	code/unit_test, code/projective_geometric_algebra	Mathematics\Geometry\Geometric_Algebra.md	test	stable	2
_SpocWeb.Root/_std/SpocWeb.Projective/pga/Pga3d.cs:XPga3D.TestPrimitives()	method	_SpocWeb.Root/_std/SpocWeb.Projective/pga/Pga3d.cs	code/unit_test, code/projective_geometric_algebra	Mathematics\Geometry\Geometric_Algebra.md	test	stable	3
_SpocWeb.Root/_std/SpocWeb.Projective/pga/Pga3d.cs:XPga3D.Test()	method	_SpocWeb.Root/_std/SpocWeb.Projective/pga/Pga3d.cs	code/unit_test, code/projective_geometric_algebra	Mathematics\Geometry\Geometric_Algebra.md	test	stable	2
_SpocWeb.Root/_std/SpocWeb.Projective/pga/Pga3d.cs:Pga3D	class	_SpocWeb.Root/_std/SpocWeb.Projective/pga/Pga3d.cs	code/projective_geometric_algebra	Mathematics\Geometry\Geometric_Algebra.md	domain	partial	2
_SpocWeb.Root/_std/SpocWeb.Projective/pga/Pga3d.cs:Make	class	_SpocWeb.Root/_std/SpocWeb.Projective/pga/Pga3d.cs	code/factory, code/projective_geometric_algebra	Mathematics\Geometry\Geometric_Algebra.md	domain	partial	2
_SpocWeb.Root/_std/SpocWeb.Projective/pga/Pga3d.cs:Make.Point(double,double,double,double)	method	_SpocWeb.Root/_std/SpocWeb.Projective/pga/Pga3d.cs	code/factory, code/projective_geometric_algebra	Mathematics\Geometry\Geometric_Algebra.md	domain	stable	1
_SpocWeb.Root/_std/SpocWeb.Projective/pga/Pga3d.cs:Make.Vector(double,double,double)	method	_SpocWeb.Root/_std/SpocWeb.Projective/pga/Pga3d.cs	code/factory, code/projective_geometric_algebra	Mathematics\Geometry\Geometric_Algebra.md	domain	stable	1
_SpocWeb.Root/_std/SpocWeb.Projective/pga/Pga3d.cs:Make.Plane(double,double,double,double)	method	_SpocWeb.Root/_std/SpocWeb.Projective/pga/Pga3d.cs	code/factory, code/projective_geometric_algebra	Mathematics\Geometry\Geometric_Algebra.md	domain	stable	1
_SpocWeb.Root/_std/SpocWeb.Projective/pga/Pga3d.cs:Make.Rotor(double,Pga3D)	method	_SpocWeb.Root/_std/SpocWeb.Projective/pga/Pga3d.cs	code/factory, code/projective_geometric_algebra	Mathematics\Geometry\Geometric_Algebra.md	domain	stable	1
_SpocWeb.Root/_std/SpocWeb.Projective/pga/Pga3d.cs:Make.Rot(double,Pga3D)	method	_SpocWeb.Root/_std/SpocWeb.Projective/pga/Pga3d.cs	code/factory, code/projective_geometric_algebra	Mathematics\Geometry\Geometric_Algebra.md	domain	stable	1
_SpocWeb.Root/_std/SpocWeb.Projective/pga/Pga3d.cs:Make.Rotor(double,double,double,double)	method	_SpocWeb.Root/_std/SpocWeb.Projective/pga/Pga3d.cs	code/factory, code/projective_geometric_algebra	Mathematics\Geometry\Geometric_Algebra.md	domain	stable	1
_SpocWeb.Root/_std/SpocWeb.Projective/pga/Pga3d.cs:Make.Translator(double,Pga3D)	method	_SpocWeb.Root/_std/SpocWeb.Projective/pga/Pga3d.cs	code/factory, code/projective_geometric_algebra	Mathematics\Geometry\Geometric_Algebra.md	domain	stable	1
_SpocWeb.Root/_std/SpocWeb.Projective/pga/Pga3d.cs:Make.Translator(double,double,double)	method	_SpocWeb.Root/_std/SpocWeb.Projective/pga/Pga3d.cs	code/factory, code/projective_geometric_algebra	Mathematics\Geometry\Geometric_Algebra.md	domain	stable	1
_SpocWeb.Root/_std/SpocWeb.Projective/pga/Pga3d.cs:Make.Motor(double,Pga3D)	method	_SpocWeb.Root/_std/SpocWeb.Projective/pga/Pga3d.cs	code/factory, code/projective_geometric_algebra	Mathematics\Geometry\Geometric_Algebra.md	domain	stable	1
_SpocWeb.Root/_std/SpocWeb.Projective/pga/Pga3d.cs:Make.Motor(double,double,double)	method	_SpocWeb.Root/_std/SpocWeb.Projective/pga/Pga3d.cs	code/factory, code/projective_geometric_algebra	Mathematics\Geometry\Geometric_Algebra.md	domain	stable	1
_SpocWeb.Root/_std/SpocWeb.Projective/pga/Pga3d.cs:Make.Line(double,double)	method	_SpocWeb.Root/_std/SpocWeb.Projective/pga/Pga3d.cs	code/factory, code/projective_geometric_algebra	Mathematics\Geometry\Geometric_Algebra.md	domain	stable	1
_SpocWeb.Root/_std/SpocWeb.Projective/pga/Pga3d.cs:Make.Line(double,double,double)	method	_SpocWeb.Root/_std/SpocWeb.Projective/pga/Pga3d.cs	code/factory, code/projective_geometric_algebra	Mathematics\Geometry\Geometric_Algebra.md	domain	stable	1
_SpocWeb.Root/_std/SpocWeb.Projective/pga/Pga3d.cs:Make.Line(double,double,double,double)	method	_SpocWeb.Root/_std/SpocWeb.Projective/pga/Pga3d.cs	code/factory, code/projective_geometric_algebra	Mathematics\Geometry\Geometric_Algebra.md	domain	stable	1
_SpocWeb.Root/_std/SpocWeb.Projective/pga/Pga3d.cs:Make.Plane(double,double)	method	_SpocWeb.Root/_std/SpocWeb.Projective/pga/Pga3d.cs	code/factory, code/projective_geometric_algebra	Mathematics\Geometry\Geometric_Algebra.md	domain	stable	1
_SpocWeb.Root/_std/SpocWeb.Projective/pga/Pga3d.cs:Make.Plane(double,double,double)	method	_SpocWeb.Root/_std/SpocWeb.Projective/pga/Pga3d.cs	code/factory, code/projective_geometric_algebra	Mathematics\Geometry\Geometric_Algebra.md	domain	stable	1
_SpocWeb.Root/_std/SpocWeb.Projective/pga/Pga3d.cs:Make.Circle(float,float,Pga3D)	method	_SpocWeb.Root/_std/SpocWeb.Projective/pga/Pga3d.cs	code/factory, code/projective_geometric_algebra	Mathematics\Geometry\Geometric_Algebra.md	domain	stable	1
_SpocWeb.Root/_std/SpocWeb.Projective/pga/Pga3d.cs:Make.IdealLine()	method	_SpocWeb.Root/_std/SpocWeb.Projective/pga/Pga3d.cs	code/unit_test, code/projective_geometric_algebra	Mathematics\Geometry\Geometric_Algebra.md	test	stable	1
_SpocWeb.Root/_std/SpocWeb.Projective/pga/Pga3d.cs:Make.Torus(float,float,float,Pga3D,float,Pga3D)	method	_SpocWeb.Root/_std/SpocWeb.Projective/pga/Pga3d.cs	code/factory, code/projective_geometric_algebra	Mathematics\Geometry\Geometric_Algebra.md	domain	stable	1
_SpocWeb.Root/_std/SpocWeb.Projective/pga/Pga3d.cs:Make.Lathe(IEnumerable<Pga3D>,int,Pga3D,double)	method	_SpocWeb.Root/_std/SpocWeb.Projective/pga/Pga3d.cs	code/factory, code/mesh_data, code/projective_geometric_algebra	Mathematics\Geometry\Geometric_Algebra.md	graphics	stable	2
_SpocWeb.Root/_std/SpocWeb.Projective/pga/Pga3d.cs:Make.Lathe(Pga3D,int,Pga3D,double)	method	_SpocWeb.Root/_std/SpocWeb.Projective/pga/Pga3d.cs	code/factory, code/mesh_data, code/projective_geometric_algebra	Mathematics\Geometry\Geometric_Algebra.md	graphics	stable	2
_SpocWeb.Root/_std/SpocWeb.Projective/pga/Pga3d.cs:Make.TestDual()	method	_SpocWeb.Root/_std/SpocWeb.Projective/pga/Pga3d.cs	code/unit_test, code/projective_geometric_algebra	Mathematics\Geometry\Geometric_Algebra.md	test	stub	1
_SpocWeb.Root/_std/SpocWeb.Projective/pga/Pga3d.cs:Make.Cylinder(double,double,int)	method	_SpocWeb.Root/_std/SpocWeb.Projective/pga/Pga3d.cs	code/factory, code/mesh_data, code/projective_geometric_algebra	Mathematics\Geometry\Geometric_Algebra.md	graphics	stable	1
_SpocWeb.Root/_std/SpocWeb.Projective/pga/Pga3d.cs:Make.TestCubeSpineCoords()	method	_SpocWeb.Root/_std/SpocWeb.Projective/pga/Pga3d.cs	code/nunit_test_case_inversion, code/projective_geometric_algebra	Mathematics\Geometry\Geometric_Algebra.md	test	stable	1
_SpocWeb.Root/_std/SpocWeb.Projective/pga/Pga3d.cs:Make.CubePoints(double)	method	_SpocWeb.Root/_std/SpocWeb.Projective/pga/Pga3d.cs	code/unit_test, code/projective_geometric_algebra	Mathematics\Geometry\Geometric_Algebra.md	test	stable	1
_SpocWeb.Root/_std/SpocWeb.Projective/pga/Pga3d.cs:Make.Cube(double)	method	_SpocWeb.Root/_std/SpocWeb.Projective/pga/Pga3d.cs	code/factory, code/mesh_data, code/projective_geometric_algebra	Mathematics\Geometry\Geometric_Algebra.md	graphics	stable	1
_SpocWeb.Root/_std/SpocWeb.Projective/pga/Pga3d.cs:Make.Torus(double,double,int,int)	method	_SpocWeb.Root/_std/SpocWeb.Projective/pga/Pga3d.cs	code/factory, code/mesh_data, code/projective_geometric_algebra	Mathematics\Geometry\Geometric_Algebra.md	graphics	stable	2
_SpocWeb.Root/_std/SpocWeb.Projective/pga/Pga3d.cs:Make.Sphere(double,int,int)	method	_SpocWeb.Root/_std/SpocWeb.Projective/pga/Pga3d.cs	code/factory, code/mesh_data, code/projective_geometric_algebra	Mathematics\Geometry\Geometric_Algebra.md	graphics	stable	2
_SpocWeb.Root/_std/SpocWeb.Projective/pga/Pga3d.cs:Make.Cone(double,double,int)	method	_SpocWeb.Root/_std/SpocWeb.Projective/pga/Pga3d.cs	code/factory, code/mesh_data, code/projective_geometric_algebra	Mathematics\Geometry\Geometric_Algebra.md	graphics	stable	1
_SpocWeb.Root/_std/SpocWeb.Projective/pga/Pga3d.cs:Make.Tetrahedron(double)	method	_SpocWeb.Root/_std/SpocWeb.Projective/pga/Pga3d.cs	code/factory, code/mesh_data, code/projective_geometric_algebra	Mathematics\Geometry\Geometric_Algebra.md	graphics	stable	1
_SpocWeb.Root/_std/SpocWeb.Projective/pga/Pga3d.cs:Make.Arrow()	method	_SpocWeb.Root/_std/SpocWeb.Projective/pga/Pga3d.cs	code/factory, code/mesh_data, code/projective_geometric_algebra	Mathematics\Geometry\Geometric_Algebra.md	graphics	stable	1
_SpocWeb.Root/_std/SpocWeb.Projective/pga/Pga3d.cs:Bases	class	_SpocWeb.Root/_std/SpocWeb.Projective/pga/Pga3d.cs	code/enum, code/projective_geometric_algebra	Mathematics\Geometry\Geometric_Algebra.md	domain	stable	1
_SpocWeb.Root/_std/SpocWeb.Projective/pga/Pga3d.cs:Types	class	_SpocWeb.Root/_std/SpocWeb.Projective/pga/Pga3d.cs	code/enum, code/projective_geometric_algebra	Mathematics\Geometry\Geometric_Algebra.md	domain	stable	1
_SpocWeb.Root/_std/SpocWeb.Projective/pga/Pga3d.cs:Base	class	_SpocWeb.Root/_std/SpocWeb.Projective/pga/Pga3d.cs	code/enum, code/projective_geometric_algebra	Mathematics\Geometry\Geometric_Algebra.md	domain	stable	1
_SpocWeb.Root/_std/SpocWeb.Projective/pga/Pga3d.cs:Planes	class	_SpocWeb.Root/_std/SpocWeb.Projective/pga/Pga3d.cs	code/enum, code/projective_geometric_algebra	Mathematics\Geometry\Geometric_Algebra.md	domain	stable	1
_SpocWeb.Root/_std/SpocWeb.Projective/pga/Pga3d.cs:Geo	class	_SpocWeb.Root/_std/SpocWeb.Projective/pga/Pga3d.cs	code/enum, code/polar_coordinates	Mathematics\Geometry\Geometric_Algebra.md	domain	stable	1
_SpocWeb.Root/_std/SpocWeb.Projective/pga/Pga3d.cs:AxisRot	class	_SpocWeb.Root/_std/SpocWeb.Projective/pga/Pga3d.cs	code/enum, code/projective_geometric_algebra	Mathematics\Geometry\Geometric_Algebra.md	domain	stable	1
_SpocWeb.Root/_std/SpocWeb.Projective/pga/Pga3d.cs:AxisTrans	class	_SpocWeb.Root/_std/SpocWeb.Projective/pga/Pga3d.cs	code/enum, code/projective_geometric_algebra	Mathematics\Geometry\Geometric_Algebra.md	domain	stable	1
_SpocWeb.Root/_std/SpocWeb.Projective/pga/Pga3d.cs:Points	class	_SpocWeb.Root/_std/SpocWeb.Projective/pga/Pga3d.cs	code/enum, code/projective_geometric_algebra	Mathematics\Geometry\Geometric_Algebra.md	domain	stable	1
_SpocWeb.Root/_std/SpocWeb.Projective/pga/R311.cs:R311	class	_SpocWeb.Root/_std/SpocWeb.Projective/pga/R311.cs	code/clifford_algebra, code/conformal_geometric_algebra	Mathematics\Geometry\Geometric_Algebra.md	domain	stable	4
_SpocWeb.Root/_std/SpocWeb.Projective/pga/R311.cs:Make	class	_SpocWeb.Root/_std/SpocWeb.Projective/pga/R311.cs	code/factory, code/conformal_geometric_algebra	Mathematics\Geometry\Geometric_Algebra.md	domain	stable	3
_SpocWeb.Root/_std/SpocWeb.Projective/pga/R311.cs:Make.Point(Vector3)	method	_SpocWeb.Root/_std/SpocWeb.Projective/pga/R311.cs	code/factory_method, code/conformal_geometric_algebra	Mathematics\Geometry\Geometric_Algebra.md	domain	stable	1
_SpocWeb.Root/_std/SpocWeb.Projective/pga/R311.cs:Make.Plane(Vector3,double)	method	_SpocWeb.Root/_std/SpocWeb.Projective/pga/R311.cs	code/factory_method, code/conformal_geometric_algebra	Mathematics\Geometry\Geometric_Algebra.md	domain	stable	2
_SpocWeb.Root/_std/SpocWeb.Projective/pga/R311.cs:Make.Sphere(Vector3,double)	method	_SpocWeb.Root/_std/SpocWeb.Projective/pga/R311.cs	code/factory_method, code/conformal_geometric_algebra	Mathematics\Geometry\Geometric_Algebra.md	domain	stable	2
_SpocWeb.Root/_std/SpocWeb.Projective/pga/R311.cs:Make.Circle(Vector3,Vector3,Vector3)	method	_SpocWeb.Root/_std/SpocWeb.Projective/pga/R311.cs	code/factory_method, code/outer_product, code/conformal_geometric_algebra	Mathematics\Geometry\Geometric_Algebra.md	domain	stable	3
_SpocWeb.Root/_std/SpocWeb.Projective/pga/R311.cs:Base	class	_SpocWeb.Root/_std/SpocWeb.Projective/pga/R311.cs	code/enum, code/conformal_geometric_algebra	Mathematics\Geometry\Geometric_Algebra.md	domain	stable	1
_SpocWeb.Root/_std/SpocWeb.Projective/pga/Reflector2P.cs:Reflector2P	class	_SpocWeb.Root/_std/SpocWeb.Projective/pga/Reflector2P.cs	code/projective_geometric_algebra, code/value_object	Mathematics\Geometry\Geometric_Algebra.md	domain	stable	2
_SpocWeb.Root/_std/SpocWeb.Projective/pga/Reflector3P.cs:Reflector3P	class	_SpocWeb.Root/_std/SpocWeb.Projective/pga/Reflector3P.cs	code/projective_geometric_algebra, code/value_object	Mathematics\Geometry\Geometric_Algebra.md	domain	stable	2
_SpocWeb.Root/_std/SpocWeb.Projective/pga/XMotor2P.cs:XMotor2P	class	_SpocWeb.Root/_std/SpocWeb.Projective/pga/XMotor2P.cs	code/extension_method, code/projective_geometric_algebra	Mathematics\Geometry\Geometric_Algebra.md	domain	partial	2
_SpocWeb.Root/_std/SpocWeb.Projective/pga/XMotor2P.cs:XMotor2P.Times(Motor2P,Motor2P)	method	_SpocWeb.Root/_std/SpocWeb.Projective/pga/XMotor2P.cs	code/extension_method, code/geometric_product	Mathematics\Geometry\Geometric_Algebra.md	domain	stable	2
_SpocWeb.Root/_std/SpocWeb.Projective/pga/XMotor2P.cs:XMotor2P.Dual(Motor2P)	method	_SpocWeb.Root/_std/SpocWeb.Projective/pga/XMotor2P.cs	code/extension_method, code/clifford_algebra	Mathematics\Geometry\Geometric_Algebra.md	domain	stable	1
_SpocWeb.Root/_std/SpocWeb.Projective/pga/XMotor2P.cs:XMotor2P.Involute(Motor2P)	method	_SpocWeb.Root/_std/SpocWeb.Projective/pga/XMotor2P.cs	code/extension_method, code/clifford_algebra	Mathematics\Geometry\Geometric_Algebra.md	domain	stable	1
_SpocWeb.Root/_std/SpocWeb.Projective/pga/XMotor2P.cs:XMotor2P.Conjugate(Motor2P)	method	_SpocWeb.Root/_std/SpocWeb.Projective/pga/XMotor2P.cs	code/extension_method, code/clifford_algebra	Mathematics\Geometry\Geometric_Algebra.md	domain	stable	1
_SpocWeb.Root/_std/SpocWeb.Projective/pga/XMotor2P.cs:XMotor2P.Reverted(Motor2P)	method	_SpocWeb.Root/_std/SpocWeb.Projective/pga/XMotor2P.cs	code/extension_method, code/clifford_algebra	Mathematics\Geometry\Geometric_Algebra.md	domain	stable	1
_SpocWeb.Root/_std/SpocWeb.Projective/pga/XMotor2P.cs:XMotor2P.Times(Motor2P,Reflector2P)	method	_SpocWeb.Root/_std/SpocWeb.Projective/pga/XMotor2P.cs	code/extension_method, code/geometric_product	Mathematics\Geometry\Geometric_Algebra.md	domain	stable	2
_SpocWeb.Root/_std/SpocWeb.Projective/pga/XMotor2P.cs:XMotor2P.Times(Reflector2P,Motor2P)	method	_SpocWeb.Root/_std/SpocWeb.Projective/pga/XMotor2P.cs	code/extension_method, code/geometric_product	Mathematics\Geometry\Geometric_Algebra.md	domain	stable	2
_SpocWeb.Root/_std/SpocWeb.Projective/pga/XMotor2P.cs:XMotor2P.Sandwich(Motor2P,Motor2P)	method	_SpocWeb.Root/_std/SpocWeb.Projective/pga/XMotor2P.cs	code/extension_method, code/transformation	Mathematics\Geometry\Geometric_Algebra.md	domain	stable	2
_SpocWeb.Root/_std/SpocWeb.Projective/pga/XMotor2P.cs:XMotor2P.SandwichBy(Motor2P,Motor2P)	method	_SpocWeb.Root/_std/SpocWeb.Projective/pga/XMotor2P.cs	code/extension_method, code/transformation	Mathematics\Geometry\Geometric_Algebra.md	domain	stable	2
_SpocWeb.Root/_std/SpocWeb.Projective/pga/XMotor2P.cs:XMotor2P.Sandwich(Motor2P,Reflector2P)	method	_SpocWeb.Root/_std/SpocWeb.Projective/pga/XMotor2P.cs	code/extension_method, code/transformation	Mathematics\Geometry\Geometric_Algebra.md	domain	stable	2
_SpocWeb.Root/_std/SpocWeb.Projective/pga/XMotor2P.cs:XMotor2P.SandwichBy(Reflector2P,Motor2P)	method	_SpocWeb.Root/_std/SpocWeb.Projective/pga/XMotor2P.cs	code/extension_method, code/transformation	Mathematics\Geometry\Geometric_Algebra.md	domain	stable	2
_SpocWeb.Root/_std/SpocWeb.Projective/pga/XMotor2P.cs:XMotor2P.op_RightShift(Reflector2P,Motor2P)	method	_SpocWeb.Root/_std/SpocWeb.Projective/pga/XMotor2P.cs	code/operator_overload, code/transformation	Mathematics\Geometry\Geometric_Algebra.md	domain	stable	1
_SpocWeb.Root/_std/SpocWeb.Projective/pga/XMotor2P.cs:XMotor2P.op_LeftShift(Motor2P,Reflector2P)	method	_SpocWeb.Root/_std/SpocWeb.Projective/pga/XMotor2P.cs	code/operator_overload, code/transformation	Mathematics\Geometry\Geometric_Algebra.md	domain	stable	1
_SpocWeb.Root/_std/SpocWeb.Projective/pga/XMotor2P.cs:XMotor2P.op_LeftShift(Motor2P,Motor2P)	method	_SpocWeb.Root/_std/SpocWeb.Projective/pga/XMotor2P.cs	code/extension_method, code/transformation	Mathematics\Geometry\Geometric_Algebra.md	domain	stable	2
_SpocWeb.Root/_std/SpocWeb.Projective/pga/XMotor2P.cs:XMotor2P.op_RightShift(Motor2P,Motor2P)	method	_SpocWeb.Root/_std/SpocWeb.Projective/pga/XMotor2P.cs	code/extension_method, code/transformation	Mathematics\Geometry\Geometric_Algebra.md	domain	stable	2
_SpocWeb.Root/_std/SpocWeb.Projective/pga/XMotor2P.cs:XMotor2P.AsPga2D(Motor2P)	method	_SpocWeb.Root/_std/SpocWeb.Projective/pga/XMotor2P.cs	code/extension_method, code/factory_method	Mathematics\Geometry\Geometric_Algebra.md	domain	stable	1
_SpocWeb.Root/_std/SpocWeb.Projective/pga/XMotor2P.cs:XMotor2P.AsPga2D(Reflector2P)	method	_SpocWeb.Root/_std/SpocWeb.Projective/pga/XMotor2P.cs	code/extension_method, code/factory_method	Mathematics\Geometry\Geometric_Algebra.md	domain	stable	1
_SpocWeb.Root/_std/SpocWeb.Projective/pga/XMotor2P.cs:XMotor2P.AsMotor2P(Pga2D)	method	_SpocWeb.Root/_std/SpocWeb.Projective/pga/XMotor2P.cs	code/extension_method, code/factory_method, code/validation	Mathematics\Geometry\Geometric_Algebra.md	domain	stable	2
_SpocWeb.Root/_std/SpocWeb.Projective/pga/XMotor2P.cs:XMotor2P.AsReflector2P(Pga2D)	method	_SpocWeb.Root/_std/SpocWeb.Projective/pga/XMotor2P.cs	code/extension_method, code/factory_method, code/validation	Mathematics\Geometry\Geometric_Algebra.md	domain	stable	2
_SpocWeb.Root/_std/SpocWeb.Projective/pga/XMotor2P.cs:XMotor2P.TestMotorTrans()	method	_SpocWeb.Root/_std/SpocWeb.Projective/pga/XMotor2P.cs	code/unit_test	Mathematics\Geometry\Geometric_Algebra.md	test	stub	1
_SpocWeb.Root/_std/SpocWeb.Projective/pga/XMotor3P.cs:XMotor3P	class	_SpocWeb.Root/_std/SpocWeb.Projective/pga/XMotor3P.cs	code/extension_method, code/projective_geometric_algebra	Mathematics\Geometry\Geometric_Algebra.md	domain	stable	2
_SpocWeb.Root/_std/SpocWeb.Projective/pga/XMotor3P.cs:XMotor3P.Times(Motor3P,Motor3P)	method	_SpocWeb.Root/_std/SpocWeb.Projective/pga/XMotor3P.cs	code/extension_method, code/geometric_product	Mathematics\Geometry\Geometric_Algebra.md	domain	stable	2
_SpocWeb.Root/_std/SpocWeb.Projective/pga/XMotor3P.cs:XMotor3P.Dual(Motor3P)	method	_SpocWeb.Root/_std/SpocWeb.Projective/pga/XMotor3P.cs	code/extension_method, code/clifford_algebra	Mathematics\Geometry\Geometric_Algebra.md	domain	stable	1
_SpocWeb.Root/_std/SpocWeb.Projective/pga/XMotor3P.cs:XMotor3P.Involute(Motor3P)	method	_SpocWeb.Root/_std/SpocWeb.Projective/pga/XMotor3P.cs	code/extension_method, code/clifford_algebra	Mathematics\Geometry\Geometric_Algebra.md	domain	stable	1
_SpocWeb.Root/_std/SpocWeb.Projective/pga/XMotor3P.cs:XMotor3P.Conjugate(Motor3P)	method	_SpocWeb.Root/_std/SpocWeb.Projective/pga/XMotor3P.cs	code/extension_method, code/clifford_algebra	Mathematics\Geometry\Geometric_Algebra.md	domain	stable	1
_SpocWeb.Root/_std/SpocWeb.Projective/pga/XMotor3P.cs:XMotor3P.Reverted(Motor3P)	method	_SpocWeb.Root/_std/SpocWeb.Projective/pga/XMotor3P.cs	code/extension_method, code/clifford_algebra	Mathematics\Geometry\Geometric_Algebra.md	domain	stable	1
_SpocWeb.Root/_std/SpocWeb.Projective/pga/XMotor3P.cs:XMotor3P.Times(Motor3P,Vector4)	method	_SpocWeb.Root/_std/SpocWeb.Projective/pga/XMotor3P.cs	code/extension_method, code/geometric_product	Mathematics\Geometry\Geometric_Algebra.md	domain	stable	2
_SpocWeb.Root/_std/SpocWeb.Projective/pga/XMotor3P.cs:XMotor3P.Times(Vector4,Motor3P)	method	_SpocWeb.Root/_std/SpocWeb.Projective/pga/XMotor3P.cs	code/extension_method, code/geometric_product	Mathematics\Geometry\Geometric_Algebra.md	domain	stable	2
_SpocWeb.Root/_std/SpocWeb.Projective/pga/XMotor3P.cs:XMotor3P.Times(Motor3P,Reflector3P)	method	_SpocWeb.Root/_std/SpocWeb.Projective/pga/XMotor3P.cs	code/extension_method, code/geometric_product	Mathematics\Geometry\Geometric_Algebra.md	domain	stable	2
_SpocWeb.Root/_std/SpocWeb.Projective/pga/XMotor3P.cs:XMotor3P.Times(Reflector3P,Motor3P)	method	_SpocWeb.Root/_std/SpocWeb.Projective/pga/XMotor3P.cs	code/extension_method, code/geometric_product	Mathematics\Geometry\Geometric_Algebra.md	domain	stable	2
_SpocWeb.Root/_std/SpocWeb.Projective/pga/XMotor3P.cs:XMotor3P.Sandwich(Motor3P,Motor3P)	method	_SpocWeb.Root/_std/SpocWeb.Projective/pga/XMotor3P.cs	code/extension_method, code/transformation	Mathematics\Geometry\Geometric_Algebra.md	domain	stable	2
_SpocWeb.Root/_std/SpocWeb.Projective/pga/XMotor3P.cs:XMotor3P.SandwichBy(Motor3P,Motor3P)	method	_SpocWeb.Root/_std/SpocWeb.Projective/pga/XMotor3P.cs	code/extension_method, code/transformation	Mathematics\Geometry\Geometric_Algebra.md	domain	stable	2
_SpocWeb.Root/_std/SpocWeb.Projective/pga/XMotor3P.cs:XMotor3P.Sandwich(Motor3P,Reflector3P)	method	_SpocWeb.Root/_std/SpocWeb.Projective/pga/XMotor3P.cs	code/extension_method, code/transformation	Mathematics\Geometry\Geometric_Algebra.md	domain	stable	2
_SpocWeb.Root/_std/SpocWeb.Projective/pga/XMotor3P.cs:XMotor3P.SandwichBy(Reflector3P,Motor3P)	method	_SpocWeb.Root/_std/SpocWeb.Projective/pga/XMotor3P.cs	code/extension_method, code/transformation	Mathematics\Geometry\Geometric_Algebra.md	domain	stable	2
_SpocWeb.Root/_std/SpocWeb.Projective/pga/XMotor3P.cs:XMotor3P.AsPga3D(Motor3P)	method	_SpocWeb.Root/_std/SpocWeb.Projective/pga/XMotor3P.cs	code/extension_method, code/factory_method	Mathematics\Geometry\Geometric_Algebra.md	domain	stable	1
_SpocWeb.Root/_std/SpocWeb.Projective/pga/XMotor3P.cs:XMotor3P.InertiaMap(float,float,float,float)	method	_SpocWeb.Root/_std/SpocWeb.Projective/pga/XMotor3P.cs	code/factory_method, code/matrix_transformation	Mathematics\Geometry\Geometric_Algebra.md	domain	stable	1
_SpocWeb.Root/_std/SpocWeb.Projective/pga/XMotor3P.cs:XMotor3P.InertiaMap(Motor3P,float,float,float,float)	method	_SpocWeb.Root/_std/SpocWeb.Projective/pga/XMotor3P.cs	code/extension_method, code/transformation	Mathematics\Geometry\Geometric_Algebra.md	domain	stable	2
_SpocWeb.Root/_std/SpocWeb.Projective/pga/XPga2D.cs:XPga2D	class	_SpocWeb.Root/_std/SpocWeb.Projective/pga/XPga2D.cs	code/extension_method, code/projective_geometric_algebra	Mathematics\Geometry\Geometric_Algebra.md	test	stable	2
_SpocWeb.Root/_std/SpocWeb.Projective/pga/XPga2D.cs:XPga2D.AsPga2D(Pga2D.Base,double)	method	_SpocWeb.Root/_std/SpocWeb.Projective/pga/XPga2D.cs	code/extension_method, code/factory_method	Mathematics\Geometry\Geometric_Algebra.md	domain	stable	1
_SpocWeb.Root/_std/SpocWeb.Projective/pga/XPga2D.cs:XPga2D.AsPga2D(Pga2D.AxisTrans,double)	method	_SpocWeb.Root/_std/SpocWeb.Projective/pga/XPga2D.cs	code/extension_method, code/factory_method	Mathematics\Geometry\Geometric_Algebra.md	domain	stable	1
_SpocWeb.Root/_std/SpocWeb.Projective/pga/XPga2D.cs:XPga2D.AsPga2D(Pga2D.AxisRot,double)	method	_SpocWeb.Root/_std/SpocWeb.Projective/pga/XPga2D.cs	code/extension_method, code/factory_method	Mathematics\Geometry\Geometric_Algebra.md	domain	stable	1
_SpocWeb.Root/_std/SpocWeb.Projective/pga/XPga2D.cs:XPga2D.AsPga2D(Pga2D.Points,double)	method	_SpocWeb.Root/_std/SpocWeb.Projective/pga/XPga2D.cs	code/extension_method, code/factory_method	Mathematics\Geometry\Geometric_Algebra.md	domain	stable	1
_SpocWeb.Root/_std/SpocWeb.Projective/pga/XPga2D.cs:XPga2D.AsPga2D(Pga2D.Lines,double)	method	_SpocWeb.Root/_std/SpocWeb.Projective/pga/XPga2D.cs	code/extension_method, code/factory_method	Mathematics\Geometry\Geometric_Algebra.md	domain	stable	1
_SpocWeb.Root/_std/SpocWeb.Projective/pga/XPga2D.cs:XPga2D.GetFactor(Pga2D.Base)	method	_SpocWeb.Root/_std/SpocWeb.Projective/pga/XPga2D.cs	code/extension_method, code/canonicalization	Mathematics\Geometry\Geometric_Algebra.md	domain	stable	2
_SpocWeb.Root/_std/SpocWeb.Projective/pga/XPga2D.cs:XPga2D.Grade(Pga2D.Base)	method	_SpocWeb.Root/_std/SpocWeb.Projective/pga/XPga2D.cs	code/extension_method, code/enum_conversion	Mathematics\Geometry\Geometric_Algebra.md	domain	stable	2
_SpocWeb.Root/_std/SpocWeb.Projective/pga/XPga2D.cs:XPga2D.Dual(Pga2D.Base)	method	_SpocWeb.Root/_std/SpocWeb.Projective/pga/XPga2D.cs	code/projective_geometric_algebra, code/lookup	duality, basis_blade	domain	stable	2
_SpocWeb.Root/_std/SpocWeb.Projective/pga/XPga2D.cs:XPga2D.Reverted(Pga2D.Base)	method	_SpocWeb.Root/_std/SpocWeb.Projective/pga/XPga2D.cs	code/projective_geometric_algebra	reversion, basis_blade	domain	stable	2
_SpocWeb.Root/_std/SpocWeb.Projective/pga/XPga2D.cs:XPga2D.Involute(Pga2D.Base)	method	_SpocWeb.Root/_std/SpocWeb.Projective/pga/XPga2D.cs	code/projective_geometric_algebra	grade_involution, basis_blade	domain	stable	2
_SpocWeb.Root/_std/SpocWeb.Projective/pga/XPga2D.cs:XPga2D.Conjugate(Pga2D.Base)	method	_SpocWeb.Root/_std/SpocWeb.Projective/pga/XPga2D.cs	code/projective_geometric_algebra	clifford_conjugation, basis_blade	domain	stable	2
_SpocWeb.Root/_std/SpocWeb.Projective/pga/XPga2D.cs:XPga2D.Dual8P(IReadOnlyList<float>)	method	_SpocWeb.Root/_std/SpocWeb.Projective/pga/XPga2D.cs	code/extension_method, code/clifford_algebra	Mathematics\Geometry\Geometric_Algebra.md	domain	stable	1
_SpocWeb.Root/_std/SpocWeb.Projective/pga/XPga2D.cs:XPga2D.Dual8P(IReadOnlyList<double>)	method	_SpocWeb.Root/_std/SpocWeb.Projective/pga/XPga2D.cs	code/extension_method, code/clifford_algebra	Mathematics\Geometry\Geometric_Algebra.md	domain	stable	1
_SpocWeb.Root/_std/SpocWeb.Projective/pga/XPga2D.cs:XPga2D.TestDual(Pga2D.Base)	method	_SpocWeb.Root/_std/SpocWeb.Projective/pga/XPga2D.cs	code/unit_test, code/projective_geometric_algebra	duality, basis_blade	test	active	2
_SpocWeb.Root/_std/SpocWeb.Projective/pga/XPga2D.cs:XPga2D.NormSqr2Q(IReadOnlyList<float>)	method	_SpocWeb.Root/_std/SpocWeb.Projective/pga/XPga2D.cs	code/norm_calculation	Mathematics\Geometry\Geometric_Algebra.md	domain	stable	1
_SpocWeb.Root/_std/SpocWeb.Projective/pga/XPga2D.cs:XPga2D.NormSqr8P(IReadOnlyList<float>)	method	_SpocWeb.Root/_std/SpocWeb.Projective/pga/XPga2D.cs	code/extension_method, code/norm_calculation	Mathematics\Geometry\Geometric_Algebra.md	domain	stable	1
_SpocWeb.Root/_std/SpocWeb.Projective/pga/XPga2D.cs:XPga2D.NormSqr8P(IReadOnlyList<double>)	method	_SpocWeb.Root/_std/SpocWeb.Projective/pga/XPga2D.cs	code/extension_method, code/norm_calculation	Mathematics\Geometry\Geometric_Algebra.md	domain	stable	1
_SpocWeb.Root/_std/SpocWeb.Projective/pga/XPga2D.cs:XPga2D.Times8P(IReadOnlyList<float>,IReadOnlyList<float>)	method	_SpocWeb.Root/_std/SpocWeb.Projective/pga/XPga2D.cs	code/extension_method, code/geometric_product	Mathematics\Geometry\Geometric_Algebra.md	domain	stable	1
_SpocWeb.Root/_std/SpocWeb.Projective/pga/XPga2D.cs:XPga2D.Times8P(IReadOnlyList<double>,IReadOnlyList<double>)	method	_SpocWeb.Root/_std/SpocWeb.Projective/pga/XPga2D.cs	code/norm_calculation	Mathematics\Geometry\Geometric_Algebra.md	domain	stable	1
_SpocWeb.Root/_std/SpocWeb.Projective/pga/XPga2D.cs:XPga2D.Meet8P(IReadOnlyList<float>,IReadOnlyList<float>)	method	_SpocWeb.Root/_std/SpocWeb.Projective/pga/XPga2D.cs	code/extension_method, code/outer_product	Mathematics\Geometry\Geometric_Algebra.md	domain	stable	1
_SpocWeb.Root/_std/SpocWeb.Projective/pga/XPga2D.cs:XPga2D.Meet8P(IReadOnlyList<double>,IReadOnlyList<double>)	method	_SpocWeb.Root/_std/SpocWeb.Projective/pga/XPga2D.cs	code/extension_method, code/clifford_algebra	Mathematics\Geometry\Geometric_Algebra.md	domain	stable	2
_SpocWeb.Root/_std/SpocWeb.Projective/pga/XPga2D.cs:XPga2D.Join8P(IReadOnlyList<float>,IReadOnlyList<float>)	method	_SpocWeb.Root/_std/SpocWeb.Projective/pga/XPga2D.cs	code/extension_method, code/clifford_algebra	Mathematics\Geometry\Geometric_Algebra.md	domain	stable	1
_SpocWeb.Root/_std/SpocWeb.Projective/pga/XPga2D.cs:XPga2D.Join8P(IReadOnlyList<double>,IReadOnlyList<double>)	method	_SpocWeb.Root/_std/SpocWeb.Projective/pga/XPga2D.cs	code/extension_method, code/clifford_algebra	Mathematics\Geometry\Geometric_Algebra.md	domain	stable	2
_SpocWeb.Root/_std/SpocWeb.Projective/pga/XPga2D.cs:XPga2D.TestParaxialOptic()	method	_SpocWeb.Root/_std/SpocWeb.Projective/pga/XPga2D.cs	code/unit_test, code/paraxial_optics	Mathematics\Geometry\Geometric_Algebra.md	test	stable	2
_SpocWeb.Root/_std/SpocWeb.Projective/pga/XPga2D.cs:XPga2D.TestParaxialOptic2()	method	_SpocWeb.Root/_std/SpocWeb.Projective/pga/XPga2D.cs	code/unit_test, code/paraxial_optics	Mathematics\Geometry\Geometric_Algebra.md	test	stable	1
_SpocWeb.Root/_std/SpocWeb.Projective/pga/XPga2D.cs:XPga2D.Dot8P(IReadOnlyList<float>,IReadOnlyList<float>)	method	_SpocWeb.Root/_std/SpocWeb.Projective/pga/XPga2D.cs	code/extension_method, code/dot_product	Mathematics\Geometry\Geometric_Algebra.md	domain	stable	1
_SpocWeb.Root/_std/SpocWeb.Projective/pga/XPga2D.cs:XPga2D.Dot8P(IReadOnlyList<double>,IReadOnlyList<double>)	method	_SpocWeb.Root/_std/SpocWeb.Projective/pga/XPga2D.cs	code/extension_method, code/dot_product	Mathematics\Geometry\Geometric_Algebra.md	domain	stable	1
_SpocWeb.Root/_std/SpocWeb.Projective/pga/XPga2D.cs:XPga2D.AllProductTests()	method	_SpocWeb.Root/_std/SpocWeb.Projective/pga/XPga2D.cs	code/test_data_generation	Mathematics\Geometry\Geometric_Algebra.md	generator	stable	2
_SpocWeb.Root/_std/SpocWeb.Projective/pga/XPga2D.cs:XPga2D.ProductTests(IReadOnlyList<IReadOnlyList<Pga2D.Base>>,Func<IReadOnlyList<float>, IReadOnlyList<float>, float[]>)	method	_SpocWeb.Root/_std/SpocWeb.Projective/pga/XPga2D.cs	code/extension_method, code/test_data_generation	Mathematics\Geometry\Geometric_Algebra.md	generator	stable	1
_SpocWeb.Root/_std/SpocWeb.Projective/pga/XPga2D.cs:XPga2D.BaseVectorPairs()	method	_SpocWeb.Root/_std/SpocWeb.Projective/pga/XPga2D.cs	code/test_data_generation, code/combinatorial_generation	Mathematics\Geometry\Geometric_Algebra.md	generator	stable	2
_SpocWeb.Root/_std/SpocWeb.Projective/pga/XPga2D.cs:XPga2D.TestAllProducts((float[][] vectors, Func<IReadOnlyList<float>, IReadOnlyList<float>, float[]> product))	method	_SpocWeb.Root/_std/SpocWeb.Projective/pga/XPga2D.cs	code/unit_test	Mathematics\Geometry\Geometric_Algebra.md	test	stable	2
_SpocWeb.Root/_std/SpocWeb.Projective/pga/XPga2D.cs:XPga2D.CreateVectors(IReadOnlyList<IReadOnlyList<Pga2D.Base>>,Pga2D.Base,Pga2D.Base,double,double)	method	_SpocWeb.Root/_std/SpocWeb.Projective/pga/XPga2D.cs	code/extension_method, code/test_data_generation	Mathematics\Geometry\Geometric_Algebra.md	generator	stable	1
_SpocWeb.Root/_std/SpocWeb.Projective/pga/XPga2D.cs:XPga2D.CreateVectors(Pga2D.Base,Pga2D.Base,double,double,Pga2D.Base,int)	method	_SpocWeb.Root/_std/SpocWeb.Projective/pga/XPga2D.cs	code/extension_method, code/test_data_generation	Mathematics\Geometry\Geometric_Algebra.md	generator	stable	1
_SpocWeb.Root/_std/SpocWeb.Projective/pga/XPga2D.cs:XPga2D.GetBases()	method	_SpocWeb.Root/_std/SpocWeb.Projective/pga/XPga2D.cs	code/enum_values, code/test_case_data_source	Mathematics\Geometry\Geometric_Algebra.md	generator	stable	1
_SpocWeb.Root/_std/SpocWeb.Projective/pga/XPga2D.cs:XPga2D.TestCliffordIsReversionOfInvolution(Pga2D.Base)	method	_SpocWeb.Root/_std/SpocWeb.Projective/pga/XPga2D.cs	code/unit_test, code/clifford_algebra	Mathematics\Geometry\Geometric_Algebra.md	test	stable	2
_SpocWeb.Root/_std/SpocWeb.Projective/pga/XPga2D.cs:XPga2D.TestNormUsesConjugate(Pga2D.Base)	method	_SpocWeb.Root/_std/SpocWeb.Projective/pga/XPga2D.cs	code/unit_test, code/norm_calculation	Mathematics\Geometry\Geometric_Algebra.md	test	stable	2
_SpocWeb.Root/_std/SpocWeb.Projective/pga/XPga2D.cs:XPga2D.TestPga2D(float[])	method	_SpocWeb.Root/_std/SpocWeb.Projective/pga/XPga2D.cs	code/unit_test, code/enum_to_string_conversion	Mathematics\Geometry\Geometric_Algebra.md	test	stable	1
_SpocWeb.Root/_std/SpocWeb.Projective/pga/XPga2D.cs:XPga2D.RandomPga2D()	method	_SpocWeb.Root/_std/SpocWeb.Projective/pga/XPga2D.cs	code/random_number_generator, code/test_data_generation	Mathematics\Geometry\Geometric_Algebra.md	generator	stable	2
_SpocWeb.Root/_std/SpocWeb.Projective/pga/XPga2D.cs:XPga2D.RandomPga2Dbl()	method	_SpocWeb.Root/_std/SpocWeb.Projective/pga/XPga2D.cs	code/random_number_generator, code/test_data_generation	Mathematics\Geometry\Geometric_Algebra.md	generator	stable	2
_SpocWeb.Root/_std/SpocWeb.Projective/pga/XPga2D.cs:XPga2D.Tests()	method	_SpocWeb.Root/_std/SpocWeb.Projective/pga/XPga2D.cs	code/test_fixture_data	Mathematics\Geometry\Geometric_Algebra.md	generator	stable	1
_SpocWeb.Root/_std/SpocWeb.Projective/pga/XPga2D.cs:XPga2D.TestRcp(Pga2Dbl)	method	_SpocWeb.Root/_std/SpocWeb.Projective/pga/XPga2D.cs	code/unit_test, code/reciprocal	Mathematics\Geometry\Geometric_Algebra.md	test	stable	2
_SpocWeb.Root/_std/SpocWeb.Projective/pga/XPga2D.cs:XPga2D.TestRcp(Pga2D)	method	_SpocWeb.Root/_std/SpocWeb.Projective/pga/XPga2D.cs	code/unit_test, code/reciprocal	Mathematics\Geometry\Geometric_Algebra.md	test	stable	2
_SpocWeb.Root/_std/SpocWeb.Projective/pga/XPga3D.cs:XPga3D	class	_SpocWeb.Root/_std/SpocWeb.Projective/pga/XPga3D.cs	code/extension_method, code/projective_geometric_algebra	Mathematics\Geometry\Geometric_Algebra.md	domain	buggy	3
_SpocWeb.Root/_std/SpocWeb.Projective/pga/XPga3D.cs:XPga3D.AsPga3D(Pga3D.Base,double)	method	_SpocWeb.Root/_std/SpocWeb.Projective/pga/XPga3D.cs	code/extension_method, code/factory_method	projective_geometric_algebra	domain	stable	1
_SpocWeb.Root/_std/SpocWeb.Projective/pga/XPga3D.cs:XPga3D.AsPga3D(Pga3D.AxisTrans,double)	method	_SpocWeb.Root/_std/SpocWeb.Projective/pga/XPga3D.cs	code/extension_method, code/factory_method	projective_geometric_algebra	domain	stable	1
_SpocWeb.Root/_std/SpocWeb.Projective/pga/XPga3D.cs:XPga3D.AsPga3D(Pga3D.AxisRot,double)	method	_SpocWeb.Root/_std/SpocWeb.Projective/pga/XPga3D.cs	code/extension_method, code/factory_method	projective_geometric_algebra	domain	stable	1
_SpocWeb.Root/_std/SpocWeb.Projective/pga/XPga3D.cs:XPga3D.AsPga3D(Pga3D.Geo,double)	method	_SpocWeb.Root/_std/SpocWeb.Projective/pga/XPga3D.cs	code/extension_method, code/factory_method	projective_geometric_algebra	domain	stable	1
_SpocWeb.Root/_std/SpocWeb.Projective/pga/XPga3D.cs:XPga3D.AsPga3D(Pga3D.Points,double)	method	_SpocWeb.Root/_std/SpocWeb.Projective/pga/XPga3D.cs	code/extension_method, code/factory_method	projective_geometric_algebra	domain	stable	1
_SpocWeb.Root/_std/SpocWeb.Projective/pga/XPga3D.cs:XPga3D.AsPga3D(Pga3D.Planes,double)	method	_SpocWeb.Root/_std/SpocWeb.Projective/pga/XPga3D.cs	code/extension_method, code/factory_method	projective_geometric_algebra	domain	stable	1
_SpocWeb.Root/_std/SpocWeb.Projective/pga/XPga3D.cs:XPga3D.Dual(Pga3D.Base)	method	_SpocWeb.Root/_std/SpocWeb.Projective/pga/XPga3D.cs	code/projective_geometric_algebra, code/lookup	duality, basis_blade	domain	stable	2
_SpocWeb.Root/_std/SpocWeb.Projective/pga/XPga3D.cs:XPga3D.Reverted(Pga3D.Base)	method	_SpocWeb.Root/_std/SpocWeb.Projective/pga/XPga3D.cs	code/projective_geometric_algebra	reversion, basis_blade	domain	stable	2
_SpocWeb.Root/_std/SpocWeb.Projective/pga/XPga3D.cs:XPga3D.Involute(Pga3D.Base)	method	_SpocWeb.Root/_std/SpocWeb.Projective/pga/XPga3D.cs	code/projective_geometric_algebra	grade_involution, basis_blade	domain	stable	2
_SpocWeb.Root/_std/SpocWeb.Projective/pga/XPga3D.cs:XPga3D.Conjugate(Pga3D.Base)	method	_SpocWeb.Root/_std/SpocWeb.Projective/pga/XPga3D.cs	code/projective_geometric_algebra	clifford_conjugation, basis_blade	domain	stable	2
_SpocWeb.Root/_std/SpocWeb.Projective/pga/XPga3D.cs:XPga3D.GetBases()	method	_SpocWeb.Root/_std/SpocWeb.Projective/pga/XPga3D.cs	code/enum_values, code/test_case_data_source	Mathematics\Geometry\Geometric_Algebra.md	generator	stable	1
_SpocWeb.Root/_std/SpocWeb.Projective/pga/XPga3D.cs:XPga3D.TestCliffordIsReversionOfInvolution(Pga3D.Base)	method	_SpocWeb.Root/_std/SpocWeb.Projective/pga/XPga3D.cs	code/unit_test, code/clifford_algebra	Mathematics\Geometry\Geometric_Algebra.md	test	stable	2
_SpocWeb.Root/_std/SpocWeb.Projective/pga/XPga3D.cs:XPga3D.TestNormUsesConjugate(Pga3D.Base)	method	_SpocWeb.Root/_std/SpocWeb.Projective/pga/XPga3D.cs	code/unit_test, code/norm_calculation	Mathematics\Geometry\Geometric_Algebra.md	test	stable	2
_SpocWeb.Root/_std/SpocWeb.Projective/pga/XPga3D.cs:XPga3D.TestSqRt(Pga3D)	method	_SpocWeb.Root/_std/SpocWeb.Projective/pga/XPga3D.cs	code/unit_test	Mathematics\Geometry\Geometric_Algebra.md	test	buggy	1
_SpocWeb.Root/_std/SpocWeb.Projective/pga/XPga3D.cs:XPga3D.Test3D()	method	_SpocWeb.Root/_std/SpocWeb.Projective/pga/XPga3D.cs	code/unit_test, code/projective_geometric_algebra	projective_geometric_algebra	test	stable	3
_SpocWeb.Root/_std/SpocWeb.Projective/pga/XPga3D.cs:XPga3D.Point_on_torus(float,float)	method	_SpocWeb.Root/_std/SpocWeb.Projective/pga/XPga3D.cs	code/projective_geometric_algebra, code/factory_method	projective_geometric_algebra	domain	stable	1
_SpocWeb.Root/_std/SpocWeb.Projective/pga/XPga3D.cs:XPga3D.GetFactor(Pga3D.Base)	method	_SpocWeb.Root/_std/SpocWeb.Projective/pga/XPga3D.cs	code/extension_method, code/canonicalization	Mathematics\Geometry\Geometric_Algebra.md	domain	stable	2
_SpocWeb.Root/_std/SpocWeb.Projective/pga/XPga3D.cs:XPga3D.Dual16(IReadOnlyList<float>)	method	_SpocWeb.Root/_std/SpocWeb.Projective/pga/XPga3D.cs	code/extension_method, code/clifford_algebra	Mathematics\Geometry\Geometric_Algebra.md	domain	stable	1
_SpocWeb.Root/_std/SpocWeb.Projective/pga/XPga3D.cs:XPga3D.Involute16(IReadOnlyList<float>)	method	_SpocWeb.Root/_std/SpocWeb.Projective/pga/XPga3D.cs	code/extension_method, code/clifford_algebra	Mathematics\Geometry\Geometric_Algebra.md	domain	stable	1
_SpocWeb.Root/_std/SpocWeb.Projective/pga/XPga3D.cs:XPga3D.Reverted16(IReadOnlyList<float>)	method	_SpocWeb.Root/_std/SpocWeb.Projective/pga/XPga3D.cs	code/extension_method, code/clifford_algebra	Mathematics\Geometry\Geometric_Algebra.md	domain	stable	1
_SpocWeb.Root/_std/SpocWeb.Projective/pga/XPga3D.cs:XPga3D.Plus16(IReadOnlyList<float>,IReadOnlyList<float>)	method	_SpocWeb.Root/_std/SpocWeb.Projective/pga/XPga3D.cs	code/extension_method, code/vector_addition	Mathematics\Geometry\Geometric_Algebra.md	domain	stable	1
_SpocWeb.Root/_std/SpocWeb.Projective/pga/XPga3D.cs:XPga3D.Minus16(IReadOnlyList<float>,IReadOnlyList<float>)	method	_SpocWeb.Root/_std/SpocWeb.Projective/pga/XPga3D.cs	code/extension_method, code/vector_subtraction	Mathematics\Geometry\Geometric_Algebra.md	domain	stable	1
_SpocWeb.Root/_std/SpocWeb.Projective/pga/XPga3D.cs:XPga3D.Times16(IReadOnlyList<float>,float)	method	_SpocWeb.Root/_std/SpocWeb.Projective/pga/XPga3D.cs	code/extension_method, code/scalar_multiplication	Mathematics\Geometry\Geometric_Algebra.md	domain	stable	1
_SpocWeb.Root/_std/SpocWeb.Projective/pga/XPga3D.cs:XPga3D.Plus16(IReadOnlyList<float>,double)	method	_SpocWeb.Root/_std/SpocWeb.Projective/pga/XPga3D.cs	code/extension_method, code/scalar_addition	Mathematics\Geometry\Geometric_Algebra.md	domain	stable	1
_SpocWeb.Root/_std/SpocWeb.Projective/pga/XPga3D.cs:XPga3D.Minus16(IReadOnlyList<float>,double)	method	_SpocWeb.Root/_std/SpocWeb.Projective/pga/XPga3D.cs	code/extension_method, code/vector_subtraction	Mathematics\Geometry\Geometric_Algebra.md	domain	stable	1
_SpocWeb.Root/_std/SpocWeb.Projective/pga/XPga3D.cs:XPga3D.MinusR16(IReadOnlyList<float>,double)	method	_SpocWeb.Root/_std/SpocWeb.Projective/pga/XPga3D.cs	code/extension_method, code/subtraction, code/negation	Mathematics\Geometry\Geometric_Algebra.md	domain	stable	1
_SpocWeb.Root/_std/SpocWeb.Projective/pga/XPga3D.cs:XPga3D.Plus16(IReadOnlyList<float>,double,B)	method	_SpocWeb.Root/_std/SpocWeb.Projective/pga/XPga3D.cs	code/extension_method, code/scalar_addition	Mathematics\Geometry\Geometric_Algebra.md	domain	stable	1
_SpocWeb.Root/_std/SpocWeb.Projective/pga/XPga3D.cs:XPga3D.Minus16(IReadOnlyList<float>,double,B)	method	_SpocWeb.Root/_std/SpocWeb.Projective/pga/XPga3D.cs	code/extension_method, code/vector_subtraction	Mathematics\Geometry\Geometric_Algebra.md	domain	stable	1
_SpocWeb.Root/_std/SpocWeb.Projective/pga/XPga3D.cs:XPga3D.MinusR16(IReadOnlyList<float>,double,B)	method	_SpocWeb.Root/_std/SpocWeb.Projective/pga/XPga3D.cs	code/extension_method, code/subtraction, code/negation	Mathematics\Geometry\Geometric_Algebra.md	domain	stable	1
_SpocWeb.Root/_std/SpocWeb.Projective/pga/XPga3D.cs:XPga3D.Dot16P(IReadOnlyList<float>,IReadOnlyList<float>)	method	_SpocWeb.Root/_std/SpocWeb.Projective/pga/XPga3D.cs	code/extension_method, code/dot_product	Mathematics\Geometry\Geometric_Algebra.md	domain	stable	1
_SpocWeb.Root/_std/SpocWeb.Projective/pga/XPga3D.cs:XPga3D.Join16P(IReadOnlyList<float>,IReadOnlyList<float>)	method	_SpocWeb.Root/_std/SpocWeb.Projective/pga/XPga3D.cs	code/extension_method, code/clifford_algebra	Mathematics\Geometry\Geometric_Algebra.md	domain	stable	1
_SpocWeb.Root/_std/SpocWeb.Projective/pga/XPga3D.cs:XPga3D.Meet16P(IReadOnlyList<float>,IReadOnlyList<float>)	method	_SpocWeb.Root/_std/SpocWeb.Projective/pga/XPga3D.cs	code/extension_method, code/outer_product	Mathematics\Geometry\Geometric_Algebra.md	domain	stable	1
_SpocWeb.Root/_std/SpocWeb.Projective/pga/XPga3D.cs:XPga3D.CliffCjg16(IReadOnlyList<float>)	method	_SpocWeb.Root/_std/SpocWeb.Projective/pga/XPga3D.cs	code/extension_method, code/conjugate	Mathematics\Geometry\Geometric_Algebra.md	domain	stable	1
_SpocWeb.Root/_std/SpocWeb.Projective/pga/XPga3D.cs:XPga3D.NormSqr16Q(IReadOnlyList<float>)	method	_SpocWeb.Root/_std/SpocWeb.Projective/pga/XPga3D.cs	code/norm_calculation	Mathematics\Geometry\Geometric_Algebra.md	domain	stable	1
_SpocWeb.Root/_std/SpocWeb.Projective/pga/XPga3D.cs:XPga3D.NormSqr16P(IReadOnlyList<float>)	method	_SpocWeb.Root/_std/SpocWeb.Projective/pga/XPga3D.cs	code/extension_method, code/norm_calculation	Mathematics\Geometry\Geometric_Algebra.md	domain	stable	1
_SpocWeb.Root/_std/SpocWeb.Projective/pga/XPga3D.cs:XPga3D.Times16P(IReadOnlyList<float>,IReadOnlyList<float>)	method	_SpocWeb.Root/_std/SpocWeb.Projective/pga/XPga3D.cs	code/extension_method, code/geometric_product	Mathematics\Geometry\Geometric_Algebra.md	domain	stable	1
_SpocWeb.Root/_std/SpocWeb.Projective/pga/XPga3D.cs:XPga3D.AllProductTests()	method	_SpocWeb.Root/_std/SpocWeb.Projective/pga/XPga3D.cs	code/test_data_generation	Mathematics\Geometry\Geometric_Algebra.md	generator	stable	2
_SpocWeb.Root/_std/SpocWeb.Projective/pga/XPga3D.cs:XPga3D.TestJoinMeet((Pga3D.Base x, Pga3D.Base y))	method	_SpocWeb.Root/_std/SpocWeb.Projective/pga/XPga3D.cs	code/unit_test, code/clifford_algebra	Mathematics\Geometry\Geometric_Algebra.md	test	stable	2
_SpocWeb.Root/_std/SpocWeb.Projective/pga/XPga3D.cs:XPga3D.IsOdd(int)	method	_SpocWeb.Root/_std/SpocWeb.Projective/pga/XPga3D.cs	code/extension_method, code/bit_parity	bitwise_operations	utility	stable	1
_SpocWeb.Root/_std/SpocWeb.Projective/pga/XPga3D.cs:XPga3D.IsOdd(Pga3D.Base)	method	_SpocWeb.Root/_std/SpocWeb.Projective/pga/XPga3D.cs	code/extension_method, code/bit_parity	bitwise_operations	utility	stable	1
_SpocWeb.Root/_std/SpocWeb.Projective/pga/XPga3D.cs:XPga3D.Grade(Pga3D.Base)	method	_SpocWeb.Root/_std/SpocWeb.Projective/pga/XPga3D.cs	code/extension_method, code/enum_conversion	Mathematics\Geometry\Geometric_Algebra.md	domain	stable	2
_SpocWeb.Root/_std/SpocWeb.Projective/pga/XPga3D.cs:XPga3D.TestJoinMeetAbs(float[][])	method	_SpocWeb.Root/_std/SpocWeb.Projective/pga/XPga3D.cs	code/unit_test, code/clifford_algebra	Mathematics\Geometry\Geometric_Algebra.md	test	stable	2
_SpocWeb.Root/_std/SpocWeb.Projective/pga/XPga3D.cs:XPga3D.ProductOuterSampleVectorPairs()	method	_SpocWeb.Root/_std/SpocWeb.Projective/pga/XPga3D.cs	code/test_data_generation	Mathematics\Geometry\Geometric_Algebra.md	generator	stable	1
_SpocWeb.Root/_std/SpocWeb.Projective/pga/XPga3D.cs:XPga3D.ProductTests(IReadOnlyList<IReadOnlyList<Pga3D.Base>>)	method	_SpocWeb.Root/_std/SpocWeb.Projective/pga/XPga3D.cs	code/extension_method, code/test_data_generation	Mathematics\Geometry\Geometric_Algebra.md	generator	stable	1
_SpocWeb.Root/_std/SpocWeb.Projective/pga/XPga3D.cs:XPga3D.ProductTests(IReadOnlyList<IReadOnlyList<Pga3D.Base>>,Func<IReadOnlyList<float>, IReadOnlyList<float>, float[]>)	method	_SpocWeb.Root/_std/SpocWeb.Projective/pga/XPga3D.cs	code/extension_method, code/test_data_generation	Mathematics\Geometry\Geometric_Algebra.md	generator	stable	1
_SpocWeb.Root/_std/SpocWeb.Projective/pga/XPga3D.cs:XPga3D.BaseVectorPairs()	method	_SpocWeb.Root/_std/SpocWeb.Projective/pga/XPga3D.cs	code/test_data_generation, code/combinatorial_generation	Mathematics\Geometry\Geometric_Algebra.md	generator	stable	2
_SpocWeb.Root/_std/SpocWeb.Projective/pga/XPga3D.cs:XPga3D.TestAllProducts((float[][] vectors, Func<IReadOnlyList<float>, IReadOnlyList<float>, float[]> product))	method	_SpocWeb.Root/_std/SpocWeb.Projective/pga/XPga3D.cs	code/unit_test	Mathematics\Geometry\Geometric_Algebra.md	test	stable	2
_SpocWeb.Root/_std/SpocWeb.Projective/pga/XPga3D.cs:XPga3D.CreateVectorPairs(IReadOnlyList<IReadOnlyList<Pga3D.Base>>,Pga3D.Base,Pga3D.Base,double,double)	method	_SpocWeb.Root/_std/SpocWeb.Projective/pga/XPga3D.cs	code/extension_method, code/test_data_generation	Mathematics\Geometry\Geometric_Algebra.md	generator	stable	1
_SpocWeb.Root/_std/SpocWeb.Projective/pga/XPga3D.cs:XPga3D.CreateVectorPairs(Pga3D.Base,Pga3D.Base,double,double,Pga3D.Base,int)	method	_SpocWeb.Root/_std/SpocWeb.Projective/pga/XPga3D.cs	code/extension_method, code/test_data_generation	Mathematics\Geometry\Geometric_Algebra.md	generator	stable	1
_SpocWeb.Root/_std/SpocWeb.Projective/pga/XPga3D.cs:XPga3D.RandomPga3D()	method	_SpocWeb.Root/_std/SpocWeb.Projective/pga/XPga3D.cs	code/random_number_generator, code/test_data_generation	Mathematics\Geometry\Geometric_Algebra.md	generator	stable	2
_SpocWeb.Root/_std/SpocWeb.Projective/pga/XPga3D.cs:XPga3D.TestRcp(Pga3D)	method	_SpocWeb.Root/_std/SpocWeb.Projective/pga/XPga3D.cs	code/unit_test, code/reciprocal	Mathematics\Geometry\Geometric_Algebra.md	test	stable	2
_SpocWeb.Root/_std/SpocWeb.Projective/pga/XPga3D.cs:XPga3D.MakeMotor(Pga3D.AxisTrans,double)	method	_SpocWeb.Root/_std/SpocWeb.Projective/pga/XPga3D.cs	code/extension_method, code/factory_method	projective_geometric_algebra	domain	stable	1
_SpocWeb.Root/_std/SpocWeb.Projective/pga/XPga3D.cs:XPga3D.MakeRotor(Pga3D.AxisRot,double)	method	_SpocWeb.Root/_std/SpocWeb.Projective/pga/XPga3D.cs	code/extension_method, code/factory_method	projective_geometric_algebra	domain	stable	1
_SpocWeb.Root/_std/SpocWeb.Projective/pga/XR311.cs:XR311	class	_SpocWeb.Root/_std/SpocWeb.Projective/pga/XR311.cs	code/extension_method, code/conformal_geometric_algebra	Mathematics\Geometry\Geometric_Algebra.md	domain	stable	2
_SpocWeb.Root/_std/SpocWeb.Projective/pga/XR311.cs:XR311.AsBlade(R311.Base,double)	method	_SpocWeb.Root/_std/SpocWeb.Projective/pga/XR311.cs	code/extension_method, code/object_construction	Mathematics\Geometry\Geometric_Algebra.md	domain	stable	1
_SpocWeb.Root/_std/SpocWeb.Projective/pga/XR311.cs:XR311.Reverted32(IReadOnlyList<float>)	method	_SpocWeb.Root/_std/SpocWeb.Projective/pga/XR311.cs	code/extension_method, code/clifford_algebra	Mathematics\Geometry\Geometric_Algebra.md	domain	stable	1
_SpocWeb.Root/_std/SpocWeb.Projective/pga/XR311.cs:XR311.Dual32(IReadOnlyList<float>)	method	_SpocWeb.Root/_std/SpocWeb.Projective/pga/XR311.cs	code/extension_method, code/clifford_algebra	Mathematics\Geometry\Geometric_Algebra.md	domain	stable	1
_SpocWeb.Root/_std/SpocWeb.Projective/pga/XR311.cs:XR311.Dual32C(IReadOnlyList<float>)	method	_SpocWeb.Root/_std/SpocWeb.Projective/pga/XR311.cs	code/extension_method, code/clifford_algebra	Mathematics\Geometry\Geometric_Algebra.md	domain	stable	1
_SpocWeb.Root/_std/SpocWeb.Projective/pga/XR311.cs:XR311.Involute32(IReadOnlyList<float>)	method	_SpocWeb.Root/_std/SpocWeb.Projective/pga/XR311.cs	code/extension_method, code/clifford_algebra	Mathematics\Geometry\Geometric_Algebra.md	domain	stable	1
_SpocWeb.Root/_std/SpocWeb.Projective/pga/XR311.cs:XR311.CliffCjg32(IReadOnlyList<float>)	method	_SpocWeb.Root/_std/SpocWeb.Projective/pga/XR311.cs	code/extension_method, code/conjugate	Mathematics\Geometry\Geometric_Algebra.md	domain	stable	1
_SpocWeb.Root/_std/SpocWeb.Projective/pga/XR311.cs:XR311.NormSqr32R311Q(IReadOnlyList<float>)	method	_SpocWeb.Root/_std/SpocWeb.Projective/pga/XR311.cs	code/norm_calculation	Mathematics\Geometry\Geometric_Algebra.md	domain	stable	1
_SpocWeb.Root/_std/SpocWeb.Projective/pga/XR311.cs:XR311.NormSqr32R311(IReadOnlyList<float>)	method	_SpocWeb.Root/_std/SpocWeb.Projective/pga/XR311.cs	code/extension_method, code/norm_calculation	Mathematics\Geometry\Geometric_Algebra.md	domain	stable	1
_SpocWeb.Root/_std/SpocWeb.Projective/pga/XR311.cs:XR311.NormSqr32R410Q(IReadOnlyList<float>)	method	_SpocWeb.Root/_std/SpocWeb.Projective/pga/XR311.cs	code/norm_calculation	Mathematics\Geometry\Geometric_Algebra.md	domain	stable	1
_SpocWeb.Root/_std/SpocWeb.Projective/pga/XR311.cs:XR311.NormSqr32R410(IReadOnlyList<float>)	method	_SpocWeb.Root/_std/SpocWeb.Projective/pga/XR311.cs	code/extension_method, code/norm_calculation	Mathematics\Geometry\Geometric_Algebra.md	domain	stable	1
_SpocWeb.Root/_std/SpocWeb.Projective/pga/XR311.cs:XR311.Times32(IReadOnlyList<float>,IReadOnlyList<float>)	method	_SpocWeb.Root/_std/SpocWeb.Projective/pga/XR311.cs	code/extension_method, code/geometric_product	Mathematics\Geometry\Geometric_Algebra.md	domain	stable	2
_SpocWeb.Root/_std/SpocWeb.Projective/pga/XR311.cs:XR311.Times32C(IReadOnlyList<float>,IReadOnlyList<float>)	method	_SpocWeb.Root/_std/SpocWeb.Projective/pga/XR311.cs	code/extension_method, code/geometric_product	Mathematics\Geometry\Geometric_Algebra.md	domain	stable	2
_SpocWeb.Root/_std/SpocWeb.Projective/pga/XR311.cs:XR311.Wedge32(IReadOnlyList<float>,IReadOnlyList<float>)	method	_SpocWeb.Root/_std/SpocWeb.Projective/pga/XR311.cs	code/extension_method, code/outer_product	Mathematics\Geometry\Geometric_Algebra.md	domain	stable	2
_SpocWeb.Root/_std/SpocWeb.Projective/pga/XR311.cs:XR311.Join32(IReadOnlyList<float>,IReadOnlyList<float>)	method	_SpocWeb.Root/_std/SpocWeb.Projective/pga/XR311.cs	code/extension_method, code/clifford_algebra	Mathematics\Geometry\Geometric_Algebra.md	domain	stable	2
_SpocWeb.Root/_std/SpocWeb.Projective/pga/XR311.cs:XR311.Join32C(IReadOnlyList<float>,IReadOnlyList<float>)	method	_SpocWeb.Root/_std/SpocWeb.Projective/pga/XR311.cs	code/extension_method, code/clifford_algebra	Mathematics\Geometry\Geometric_Algebra.md	domain	stable	2
_SpocWeb.Root/_std/SpocWeb.Projective/pga/XR311.cs:XR311.Dot32(IReadOnlyList<float>,IReadOnlyList<float>)	method	_SpocWeb.Root/_std/SpocWeb.Projective/pga/XR311.cs	code/extension_method, code/dot_product	Mathematics\Geometry\Geometric_Algebra.md	domain	stable	2
_SpocWeb.Root/_std/SpocWeb.Projective/pga/XR311.cs:XR311.Dot32C(IReadOnlyList<float>,IReadOnlyList<float>)	method	_SpocWeb.Root/_std/SpocWeb.Projective/pga/XR311.cs	code/extension_method, code/dot_product	Mathematics\Geometry\Geometric_Algebra.md	domain	stable	2
_SpocWeb.Root/_std/SpocWeb.Projective/pga/XR311.cs:XR311.Plus32(IReadOnlyList<float>,IReadOnlyList<float>)	method	_SpocWeb.Root/_std/SpocWeb.Projective/pga/XR311.cs	code/extension_method, code/vector_addition	Mathematics\Geometry\Geometric_Algebra.md	domain	stable	1
_SpocWeb.Root/_std/SpocWeb.Projective/pga/XR311.cs:XR311.Minus32(IReadOnlyList<float>,IReadOnlyList<float>)	method	_SpocWeb.Root/_std/SpocWeb.Projective/pga/XR311.cs	code/extension_method, code/vector_subtraction	Mathematics\Geometry\Geometric_Algebra.md	domain	stable	1
_SpocWeb.Root/_std/SpocWeb.Projective/pga/XR311.cs:XR311.Times32(IReadOnlyList<float>,float)	method	_SpocWeb.Root/_std/SpocWeb.Projective/pga/XR311.cs	code/extension_method, code/scalar_multiplication	Mathematics\Geometry\Geometric_Algebra.md	domain	stable	1
_SpocWeb.Root/_std/SpocWeb.Projective/pga/XR311.cs:XR311.Plus32(IReadOnlyList<float>,double)	method	_SpocWeb.Root/_std/SpocWeb.Projective/pga/XR311.cs	code/extension_method, code/scalar_addition	Mathematics\Geometry\Geometric_Algebra.md	domain	stable	1
_SpocWeb.Root/_std/SpocWeb.Projective/pga/XR311.cs:XR311.MinusR32(IReadOnlyList<float>,double)	method	_SpocWeb.Root/_std/SpocWeb.Projective/pga/XR311.cs	code/extension_method, code/subtraction, code/negation	Mathematics\Geometry\Geometric_Algebra.md	domain	stable	1
_SpocWeb.Root/_std/SpocWeb.Projective/pga/XR311.cs:XR311.Neg32(IReadOnlyList<float>)	method	_SpocWeb.Root/_std/SpocWeb.Projective/pga/XR311.cs	code/extension_method, code/negation	Mathematics\Geometry\Geometric_Algebra.md	domain	stable	1
_SpocWeb.Root/_std/SpocWeb.Projective/pga/XR311.cs:XR311.Minus32(IReadOnlyList<float>,double)	method	_SpocWeb.Root/_std/SpocWeb.Projective/pga/XR311.cs	code/extension_method, code/subtraction	Mathematics\Geometry\Geometric_Algebra.md	domain	stable	1
_SpocWeb.Root/_std/SpocWeb.Projective/pga/XR311.cs:XR311.Plus(IReadOnlyList<float>,double,B)	method	_SpocWeb.Root/_std/SpocWeb.Projective/pga/XR311.cs	code/extension_method, code/array_mutation	Mathematics\Geometry\Geometric_Algebra.md	domain	stable	1
_SpocWeb.Root/_std/SpocWeb.Projective/pga/XR311.cs:XR311.Minus(IReadOnlyList<float>,double,B)	method	_SpocWeb.Root/_std/SpocWeb.Projective/pga/XR311.cs	code/extension_method, code/array_mutation	Mathematics\Geometry\Geometric_Algebra.md	domain	stable	1
_SpocWeb.Root/_std/SpocWeb.Projective/pga/XR311.cs:XR311.MinusR(IReadOnlyList<float>,double,B)	method	_SpocWeb.Root/_std/SpocWeb.Projective/pga/XR311.cs	code/extension_method, code/negation, code/array_mutation	Mathematics\Geometry\Geometric_Algebra.md	domain	stable	1
_SpocWeb.Root/_std/SpocWeb.Projective/pga/XR311.Tests.cs:XR311	class	_SpocWeb.Root/_std/SpocWeb.Projective/pga/XR311.Tests.cs	code/unit_test, code/test_data_generation, code/conformal_geometric_algebra	Mathematics\Geometry\Geometric_Algebra.md	test	stable	2
_SpocWeb.Root/_std/SpocWeb.Projective/pga/XR311.Tests.cs:XR311.GetFactor(R311.Base)	method	_SpocWeb.Root/_std/SpocWeb.Projective/pga/XR311.Tests.cs	code/extension_method, code/geometric_algebra	Mathematics\Geometry\Geometric_Algebra.md	test	stable	1
_SpocWeb.Root/_std/SpocWeb.Projective/pga/XR311.Tests.cs:XR311.AllProductTests()	method	_SpocWeb.Root/_std/SpocWeb.Projective/pga/XR311.Tests.cs	code/test_data_generation, code/geometric_algebra	Mathematics\Geometry\Geometric_Algebra.md	test	stable	2
_SpocWeb.Root/_std/SpocWeb.Projective/pga/XR311.Tests.cs:XR311.ProductTests(IReadOnlyList<IReadOnlyList<R311.Base>>,Func<IReadOnlyList<float>, IReadOnlyList<float>, float[]>)	method	_SpocWeb.Root/_std/SpocWeb.Projective/pga/XR311.Tests.cs	code/extension_method, code/test_vector_generation	Mathematics\Geometry\Geometric_Algebra.md	test	stable	2
_SpocWeb.Root/_std/SpocWeb.Projective/pga/XR311.Tests.cs:XR311.BaseVectorPairs()	method	_SpocWeb.Root/_std/SpocWeb.Projective/pga/XR311.Tests.cs	code/test_vector_generation, code/geometric_algebra	Mathematics\Geometry\Geometric_Algebra.md	test	stable	2
_SpocWeb.Root/_std/SpocWeb.Projective/pga/XR311.Tests.cs:XR311.TestAllProducts((float[][] vectors, Func<IReadOnlyList<float>, IReadOnlyList<float>, float[]> product))	method	_SpocWeb.Root/_std/SpocWeb.Projective/pga/XR311.Tests.cs	code/unit_test, code/geometric_algebra	Mathematics\Geometry\Geometric_Algebra.md	test	stable	1
_SpocWeb.Root/_std/SpocWeb.Projective/pga/XR311.Tests.cs:XR311.CreateVectors(IReadOnlyList<IReadOnlyList<R311.Base>>,R311.Base,R311.Base,double,double)	method	_SpocWeb.Root/_std/SpocWeb.Projective/pga/XR311.Tests.cs	code/extension_method, code/test_vector_generation	Mathematics\Geometry\Geometric_Algebra.md	test	stable	2
_SpocWeb.Root/_std/SpocWeb.Projective/pga/XR311.Tests.cs:XR311.CreateVectors(R311.Base,R311.Base,double,double,R311.Base,int)	method	_SpocWeb.Root/_std/SpocWeb.Projective/pga/XR311.Tests.cs	code/extension_method, code/test_vector_generation	Mathematics\Geometry\Geometric_Algebra.md	test	stable	2
_SpocWeb.Root/_std/SpocWeb.Projective/pga/XR311.Tests.cs:XR311.RandomR311()	method	_SpocWeb.Root/_std/SpocWeb.Projective/pga/XR311.Tests.cs	code/random_data_generation, code/test_vector_generation	Mathematics\Geometry\Geometric_Algebra.md	test	stable	1
_SpocWeb.Root/_std/SpocWeb.Projective/pga/XR311.Tests.cs:XR311.TestRcp(R311)	method	_SpocWeb.Root/_std/SpocWeb.Projective/pga/XR311.Tests.cs	code/unit_test, code/reciprocal, code/algebraic_laws	Mathematics\Geometry\Geometric_Algebra.md	test	stable	2
_SpocWeb.Root/_std/SpocWeb.Projective/pga/XR311Dbl.cs:XR311Dbl	class	_SpocWeb.Root/_std/SpocWeb.Projective/pga/XR311Dbl.cs	code/extension_method, code/conformal_geometric_algebra	Mathematics\Geometry\Geometric_Algebra.md	domain	stable	2
_SpocWeb.Root/_std/SpocWeb.Projective/pga/XR311Dbl.cs:XR311Dbl.Reverted32(IReadOnlyList<double>)	method	_SpocWeb.Root/_std/SpocWeb.Projective/pga/XR311Dbl.cs	code/extension_method, code/clifford_algebra	Mathematics\Geometry\Geometric_Algebra.md	domain	stable	1
_SpocWeb.Root/_std/SpocWeb.Projective/pga/XR311Dbl.cs:XR311Dbl.Dual32(IReadOnlyList<double>)	method	_SpocWeb.Root/_std/SpocWeb.Projective/pga/XR311Dbl.cs	code/extension_method, code/clifford_algebra	Mathematics\Geometry\Geometric_Algebra.md	domain	stable	1
_SpocWeb.Root/_std/SpocWeb.Projective/pga/XR311Dbl.cs:XR311Dbl.Dual32C(IReadOnlyList<double>)	method	_SpocWeb.Root/_std/SpocWeb.Projective/pga/XR311Dbl.cs	code/extension_method, code/clifford_algebra	Mathematics\Geometry\Geometric_Algebra.md	domain	stable	1
_SpocWeb.Root/_std/SpocWeb.Projective/pga/XR311Dbl.cs:XR311Dbl.Involute32(IReadOnlyList<double>)	method	_SpocWeb.Root/_std/SpocWeb.Projective/pga/XR311Dbl.cs	code/extension_method, code/clifford_algebra	Mathematics\Geometry\Geometric_Algebra.md	domain	stable	1
_SpocWeb.Root/_std/SpocWeb.Projective/pga/XR311Dbl.cs:XR311Dbl.CliffCjg32(IReadOnlyList<double>)	method	_SpocWeb.Root/_std/SpocWeb.Projective/pga/XR311Dbl.cs	code/extension_method, code/conjugate	Mathematics\Geometry\Geometric_Algebra.md	domain	stable	1
_SpocWeb.Root/_std/SpocWeb.Projective/pga/XR311Dbl.cs:XR311Dbl.NormSqr32R311Q(IReadOnlyList<double>)	method	_SpocWeb.Root/_std/SpocWeb.Projective/pga/XR311Dbl.cs	code/norm_calculation	Mathematics\Geometry\Geometric_Algebra.md	domain	stable	1
_SpocWeb.Root/_std/SpocWeb.Projective/pga/XR311Dbl.cs:XR311Dbl.NormSqr32R311(IReadOnlyList<double>)	method	_SpocWeb.Root/_std/SpocWeb.Projective/pga/XR311Dbl.cs	code/extension_method, code/norm_calculation	Mathematics\Geometry\Geometric_Algebra.md	domain	stable	1
_SpocWeb.Root/_std/SpocWeb.Projective/pga/XR311Dbl.cs:XR311Dbl.NormSqr32R410Q(IReadOnlyList<double>)	method	_SpocWeb.Root/_std/SpocWeb.Projective/pga/XR311Dbl.cs	code/norm_calculation	Mathematics\Geometry\Geometric_Algebra.md	domain	stable	1
_SpocWeb.Root/_std/SpocWeb.Projective/pga/XR311Dbl.cs:XR311Dbl.NormSqr32R410(IReadOnlyList<double>)	method	_SpocWeb.Root/_std/SpocWeb.Projective/pga/XR311Dbl.cs	code/extension_method, code/norm_calculation	Mathematics\Geometry\Geometric_Algebra.md	domain	stable	1
_SpocWeb.Root/_std/SpocWeb.Projective/pga/XR311Dbl.cs:XR311Dbl.Times32(IReadOnlyList<double>,IReadOnlyList<double>)	method	_SpocWeb.Root/_std/SpocWeb.Projective/pga/XR311Dbl.cs	code/extension_method, code/geometric_product	Mathematics\Geometry\Geometric_Algebra.md	domain	stable	2
_SpocWeb.Root/_std/SpocWeb.Projective/pga/XR311Dbl.cs:XR311Dbl.Times32C(IReadOnlyList<double>,IReadOnlyList<double>)	method	_SpocWeb.Root/_std/SpocWeb.Projective/pga/XR311Dbl.cs	code/extension_method, code/geometric_product	Mathematics\Geometry\Geometric_Algebra.md	domain	stable	2
_SpocWeb.Root/_std/SpocWeb.Projective/pga/XR311Dbl.cs:XR311Dbl.Wedge32(IReadOnlyList<double>,IReadOnlyList<double>)	method	_SpocWeb.Root/_std/SpocWeb.Projective/pga/XR311Dbl.cs	code/extension_method, code/outer_product	Mathematics\Geometry\Geometric_Algebra.md	domain	stable	2
_SpocWeb.Root/_std/SpocWeb.Projective/pga/XR311Dbl.cs:XR311Dbl.Join32(IReadOnlyList<double>,IReadOnlyList<double>)	method	_SpocWeb.Root/_std/SpocWeb.Projective/pga/XR311Dbl.cs	code/extension_method, code/clifford_algebra	Mathematics\Geometry\Geometric_Algebra.md	domain	stable	2
_SpocWeb.Root/_std/SpocWeb.Projective/pga/XR311Dbl.cs:XR311Dbl.Join32C(IReadOnlyList<double>,IReadOnlyList<double>)	method	_SpocWeb.Root/_std/SpocWeb.Projective/pga/XR311Dbl.cs	code/extension_method, code/clifford_algebra	Mathematics\Geometry\Geometric_Algebra.md	domain	stable	2
_SpocWeb.Root/_std/SpocWeb.Projective/pga/XR311Dbl.cs:XR311Dbl.Dot32(IReadOnlyList<double>,IReadOnlyList<double>)	method	_SpocWeb.Root/_std/SpocWeb.Projective/pga/XR311Dbl.cs	code/extension_method, code/dot_product	Mathematics\Geometry\Geometric_Algebra.md	domain	stable	2
_SpocWeb.Root/_std/SpocWeb.Projective/pga/XR311Dbl.cs:XR311Dbl.Dot32C(IReadOnlyList<double>,IReadOnlyList<double>)	method	_SpocWeb.Root/_std/SpocWeb.Projective/pga/XR311Dbl.cs	code/extension_method, code/dot_product	Mathematics\Geometry\Geometric_Algebra.md	domain	stable	2
_SpocWeb.Root/_std/SpocWeb.Projective/pga/XR311Dbl.cs:XR311Dbl.Plus32(IReadOnlyList<double>,IReadOnlyList<double>)	method	_SpocWeb.Root/_std/SpocWeb.Projective/pga/XR311Dbl.cs	code/extension_method, code/vector_addition	Mathematics\Geometry\Geometric_Algebra.md	domain	stable	1
_SpocWeb.Root/_std/SpocWeb.Projective/pga/XR311Dbl.cs:XR311Dbl.Minus32(IReadOnlyList<double>,IReadOnlyList<double>)	method	_SpocWeb.Root/_std/SpocWeb.Projective/pga/XR311Dbl.cs	code/extension_method, code/vector_subtraction	Mathematics\Geometry\Geometric_Algebra.md	domain	stable	1
_SpocWeb.Root/_std/SpocWeb.Projective/pga/XR311Dbl.cs:XR311Dbl.Times32(IReadOnlyList<double>,double)	method	_SpocWeb.Root/_std/SpocWeb.Projective/pga/XR311Dbl.cs	code/extension_method, code/scalar_multiplication	Mathematics\Geometry\Geometric_Algebra.md	domain	stable	1
_SpocWeb.Root/_std/SpocWeb.Projective/pga/XR311Dbl.cs:XR311Dbl.Plus32(IReadOnlyList<double>,double)	method	_SpocWeb.Root/_std/SpocWeb.Projective/pga/XR311Dbl.cs	code/extension_method, code/scalar_addition	Mathematics\Geometry\Geometric_Algebra.md	domain	stable	1
_SpocWeb.Root/_std/SpocWeb.Projective/pga/XR311Dbl.cs:XR311Dbl.MinusR32(IReadOnlyList<double>,double)	method	_SpocWeb.Root/_std/SpocWeb.Projective/pga/XR311Dbl.cs	code/extension_method, code/subtraction, code/negation	Mathematics\Geometry\Geometric_Algebra.md	domain	stable	1
_SpocWeb.Root/_std/SpocWeb.Projective/pga/XR311Dbl.cs:XR311Dbl.Neg32(IReadOnlyList<double>)	method	_SpocWeb.Root/_std/SpocWeb.Projective/pga/XR311Dbl.cs	code/extension_method, code/negation	Mathematics\Geometry\Geometric_Algebra.md	domain	stable	1
_SpocWeb.Root/_std/SpocWeb.Projective/pga/XR311Dbl.cs:XR311Dbl.Minus32(IReadOnlyList<double>,double)	method	_SpocWeb.Root/_std/SpocWeb.Projective/pga/XR311Dbl.cs	code/extension_method, code/subtraction	Mathematics\Geometry\Geometric_Algebra.md	domain	stable	1
_SpocWeb.Root/_std/SpocWeb.Projective/pga/XR311Dbl.cs:XR311Dbl.Plus(IReadOnlyList<double>,double,B)	method	_SpocWeb.Root/_std/SpocWeb.Projective/pga/XR311Dbl.cs	code/extension_method, code/array_mutation	Mathematics\Geometry\Geometric_Algebra.md	domain	stable	1
_SpocWeb.Root/_std/SpocWeb.Projective/pga/XR311Dbl.cs:XR311Dbl.Minus(IReadOnlyList<double>,double,B)	method	_SpocWeb.Root/_std/SpocWeb.Projective/pga/XR311Dbl.cs	code/extension_method, code/array_mutation	Mathematics\Geometry\Geometric_Algebra.md	domain	stable	1
_SpocWeb.Root/_std/SpocWeb.Projective/pga/XR311Dbl.cs:XR311Dbl.MinusR(IReadOnlyList<double>,double,B)	method	_SpocWeb.Root/_std/SpocWeb.Projective/pga/XR311Dbl.cs	code/extension_method, code/negation, code/array_mutation	Mathematics\Geometry\Geometric_Algebra.md	domain	stable	1
_SpocWeb.Root/_std/SpocWeb.Projective/typed/BiVector3D.cs:BiVector3D	class	_SpocWeb.Root/_std/SpocWeb.Projective/typed/BiVector3D.cs	code/value_object, code/vector_math	Mathematics\Geometry\Vector.md	domain	buggy	3
_SpocWeb.Root/_std/SpocWeb.Projective/typed/BiVector3D.cs:XBiVector3D	class	_SpocWeb.Root/_std/SpocWeb.Projective/typed/BiVector3D.cs	code/extension_method, code/vector_math	Mathematics\Geometry\Vector.md	domain	stable	2
_SpocWeb.Root/_std/SpocWeb.Projective/typed/BiVector3D.cs:XBiVector3D.Wedge(Vector3D,Vector3D)	method	_SpocWeb.Root/_std/SpocWeb.Projective/typed/BiVector3D.cs	code/extension_method, code/outer_product	Mathematics\Geometry\Vector.md	domain	stable	1
_SpocWeb.Root/_std/SpocWeb.Projective/typed/BiVector3D.cs:XBiVector3D.Wedge(Vector3,Vector3)	method	_SpocWeb.Root/_std/SpocWeb.Projective/typed/BiVector3D.cs	code/extension_method, code/outer_product, code/cross_product	Mathematics\Geometry\Vector.md	domain	stable	2
_SpocWeb.Root/_std/SpocWeb.Projective/typed/BiVector3D.cs:XBiVector3D.Cross(Vector2,Vector2)	method	_SpocWeb.Root/_std/SpocWeb.Projective/typed/BiVector3D.cs	code/extension_method, code/cross_product	Mathematics\Geometry\Vector.md	domain	stable	2
_SpocWeb.Root/_std/SpocWeb.Projective/typed	folder	_SpocWeb.Root/_std/SpocWeb.Projective/typed	code/geometric_algebra	typed_geometric_primitives	domain	stable	3
_SpocWeb.Root/_std/SpocWeb.Projective/typed/BiVector4D.cs:XBiVector4D	class	_SpocWeb.Root/_std/SpocWeb.Projective/typed/BiVector4D.cs	code/factory, code/vector_math	Mathematics\Geometry\Vector.md	domain	stable	2
_SpocWeb.Root/_std/SpocWeb.Projective/typed/BiVector4D.cs:XBiVector4D.Wedge4DPoint(Vector3,Vector3)	method	_SpocWeb.Root/_std/SpocWeb.Projective/typed/BiVector4D.cs	code/extension_method, code/outer_product, code/cross_product	Mathematics\Geometry\Vector.md	domain	stable	2
_SpocWeb.Root/_std/SpocWeb.Projective/typed/BiVector4D.cs:XBiVector4D.Wedge4DVector(Vector3,Vector3)	method	_SpocWeb.Root/_std/SpocWeb.Projective/typed/BiVector4D.cs	code/extension_method, code/outer_product, code/cross_product	Mathematics\Geometry\Vector.md	domain	stable	2
_SpocWeb.Root/_std/SpocWeb.Projective/typed/BiVector4D.cs:BiVector4D	class	_SpocWeb.Root/_std/SpocWeb.Projective/typed/BiVector4D.cs	code/value_object, code/plucker_coordinates	Mathematics\Geometry\Vector.md	domain	stable	3
_SpocWeb.Root/_std/SpocWeb.Projective/typed/PerspectiveTransform.cs:PerspectiveTransform	class	_SpocWeb.Root/_std/SpocWeb.Projective/typed/PerspectiveTransform.cs	code/perspective_transform, code/computational_geometry	Mathematics\Geometry.md	graphics	stable	3
_SpocWeb.Root/_std/SpocWeb.Projective/typed/PerspectiveTransformTests.cs:PerspectiveTransformTests	class	_SpocWeb.Root/_std/SpocWeb.Projective/typed/PerspectiveTransformTests.cs	code/unit_test, code/perspective_transform	Mathematics\Geometry.md	test	stable	2
_SpocWeb.Root/_std/SpocWeb.Projective/typed/PerspectiveTransformTests.cs:PerspectiveTransformTests.AssertPointEquals(float,float,float,float,PerspectiveTransform)	method	_SpocWeb.Root/_std/SpocWeb.Projective/typed/PerspectiveTransformTests.cs	code/unit_test, code/perspective_transform	perspective_transform, Mathematics\Geometry.md	test	stable	2
_SpocWeb.Root/_std/SpocWeb.Projective/typed/PerspectiveTransformTests.cs:PerspectiveTransformTests.TestQuadrilateralToQuadrilateral()	method	_SpocWeb.Root/_std/SpocWeb.Projective/typed/PerspectiveTransformTests.cs	code/unit_test, code/perspective_transform	Mathematics\Geometry.md	test	stable	2
_SpocWeb.Root/_std/SpocWeb.Projective/typed/PerspectiveTransformTests.cs:PerspectiveTransformTests.TestSquareToQuadrilateral()	method	_SpocWeb.Root/_std/SpocWeb.Projective/typed/PerspectiveTransformTests.cs	code/unit_test, code/perspective_transform	Mathematics\Geometry.md	test	stable	2
_SpocWeb.Root/_std/SpocWeb.Projective/typed/Point2D.cs:Point2D	class	_SpocWeb.Root/_std/SpocWeb.Projective/typed/Point2D.cs	code/value_object, code/affine_geometry	Mathematics\Geometry\Vector.md	domain	stable	3
_SpocWeb.Root/_std/SpocWeb.Projective/typed/Point2D.T.cs:XPoint2DList	class	_SpocWeb.Root/_std/SpocWeb.Projective/typed/Point2D.T.cs	code/computational_geometry, code/extension_method	Mathematics\Geometry.md, closest_pair	domain	legacy	2
_SpocWeb.Root/_std/SpocWeb.Projective/typed/Point2D.T.cs:XPoint2DList.ClosestBruteForce(IReadOnlyList<Point2D<T>>)	method	_SpocWeb.Root/_std/SpocWeb.Projective/typed/Point2D.T.cs	code/computational_geometry, code/extension_method	Mathematics\Geometry.md, closest_pair	domain	legacy	2
_SpocWeb.Root/_std/SpocWeb.Projective/typed/Point2D.T.cs:XPoint2DList.ClosestPair(IReadOnlyList<Point2D<T>>)	method	_SpocWeb.Root/_std/SpocWeb.Projective/typed/Point2D.T.cs	code/computational_geometry, code/extension_method	Mathematics\Geometry.md, closest_pair	domain	legacy	2
_SpocWeb.Root/_std/SpocWeb.Projective/typed/Point2D.T.cs:XPoint2DList.ClosestRecursively(IReadOnlyList<Point2D<T>>)	method	_SpocWeb.Root/_std/SpocWeb.Projective/typed/Point2D.T.cs	code/computational_geometry, code/divide_and_conquer	Mathematics\Geometry.md, closest_pair	domain	legacy	3
_SpocWeb.Root/_std/SpocWeb.Projective/typed/Point2D.T.cs:XPoint2DList.Closest(List<Point2D<T>>)	method	_SpocWeb.Root/_std/SpocWeb.Projective/typed/Point2D.T.cs	code/computational_geometry, code/extension_method	Mathematics\Geometry.md, closest_pair	domain	legacy	2
_SpocWeb.Root/_std/SpocWeb.Projective/typed/Point2D.T.cs:Point2D	class	_SpocWeb.Root/_std/SpocWeb.Projective/typed/Point2D.T.cs	code/value_object, code/geometry	Mathematics\Geometry\Vector.md, typed_geometric_primitives	structures	legacy	2
_SpocWeb.Root/_std/SpocWeb.Projective/typed/Point2D.T.cs:TriangleStrip2D	class	_SpocWeb.Root/_std/SpocWeb.Projective/typed/Point2D.T.cs	code/data_structure, code/geometry	Mathematics\Geometry.md, triangle_strip	structures	legacy	1
_SpocWeb.Root/_std/SpocWeb.Projective/typed/Point2D.T.cs:Point2DList	class	_SpocWeb.Root/_std/SpocWeb.Projective/typed/Point2D.T.cs	code/data_structure, code/geometry	Mathematics\Geometry.md, polygon	structures	legacy	1
_SpocWeb.Root/_std/SpocWeb.Projective/typed/Point2Dbl.cs:Size2Dbl	class	_SpocWeb.Root/_std/SpocWeb.Projective/typed/Point2Dbl.cs	code/value_object, code/geometry	Mathematics\Geometry\Vector.md, typed_geometric_primitives	structures	broken	2
_SpocWeb.Root/_std/SpocWeb.Projective/typed/Point2Dbl.cs:XSize2Dbl	class	_SpocWeb.Root/_std/SpocWeb.Projective/typed/Point2Dbl.cs	code/extension_method, code/geometry	Mathematics\Geometry\Vector.md	domain	broken	1
_SpocWeb.Root/_std/SpocWeb.Projective/typed/Point2Dbl.cs:XSize2Dbl.Times(double,Size2Dbl)	method	_SpocWeb.Root/_std/SpocWeb.Projective/typed/Point2Dbl.cs	code/extension_method, code/complex_numbers	Mathematics\Geometry\Vector.md, complex_number	domain	broken	2
_SpocWeb.Root/_std/SpocWeb.Projective/typed/Point2Dbl.cs:XSize2Dbl.Times(Size2Dbl,Complex)	method	_SpocWeb.Root/_std/SpocWeb.Projective/typed/Point2Dbl.cs	code/extension_method, code/complex_numbers	Mathematics\Geometry\Vector.md, complex_number	domain	broken	2
_SpocWeb.Root/_std/SpocWeb.Projective/typed/Point2Dbl.cs:XSize2Dbl.Times(Complex,Size2Dbl,bool)	method	_SpocWeb.Root/_std/SpocWeb.Projective/typed/Point2Dbl.cs	code/extension_method, code/complex_numbers	Mathematics\Geometry\Vector.md, complex_number	domain	broken	2
_SpocWeb.Root/_std/SpocWeb.Projective/typed/Point2Dbl.cs:Point2Dbl	class	_SpocWeb.Root/_std/SpocWeb.Projective/typed/Point2Dbl.cs	code/value_object, code/geometry	Mathematics\Geometry\Vector.md, typed_geometric_primitives	structures	broken	2
_SpocWeb.Root/_std/SpocWeb.Projective/typed/Point2Dbl.cs:Rect2Dbl	class	_SpocWeb.Root/_std/SpocWeb.Projective/typed/Point2Dbl.cs	code/value_object, code/geometry	Mathematics\Geometry\Vector.md, typed_geometric_primitives	structures	broken	2
_SpocWeb.Root/_std/SpocWeb.Projective/typed/Point2Dbl.cs:XPoint2Dbl	class	_SpocWeb.Root/_std/SpocWeb.Projective/typed/Point2Dbl.cs	code/extension_method, code/geometry	Mathematics\Geometry\Vector.md	domain	broken	2
_SpocWeb.Root/_std/SpocWeb.Projective/typed/Point2Dbl.cs:XPoint2Dbl.IsCloseTo(Point2Dbl,Point2Dbl)	method	_SpocWeb.Root/_std/SpocWeb.Projective/typed/Point2Dbl.cs	code/extension_method, code/tolerance_checking	Mathematics\Geometry\Vector.md, float_tolerance_comparison	domain	broken	1
_SpocWeb.Root/_std/SpocWeb.Projective/typed/Point3D.cs:Point3D	class	_SpocWeb.Root/_std/SpocWeb.Projective/typed/Point3D.cs	code/value_object, code/simd	Mathematics\Geometry\Vector.md	domain	buggy	3
_SpocWeb.Root/_std/SpocWeb.Projective/typed/Point3D.T.cs:Point3D	class	_SpocWeb.Root/_std/SpocWeb.Projective/typed/Point3D.T.cs	code/value_object, code/vector_math	Mathematics\Geometry\Vector.md	structures	buggy	3
_SpocWeb.Root/_std/SpocWeb.Projective/typed/Point3D.T.cs:TriangleStrip3D	class	_SpocWeb.Root/_std/SpocWeb.Projective/typed/Point3D.T.cs	code/collection, code/computational_geometry	Mathematics\Geometry\Vector.md	domain	stable	1
_SpocWeb.Root/_std/SpocWeb.Projective/typed/Point3D.T.cs:Point3DList	class	_SpocWeb.Root/_std/SpocWeb.Projective/typed/Point3D.T.cs	code/data_structure, code/geometry	Mathematics\Geometry.md, polygon	structures	legacy	1
_SpocWeb.Root/_std/SpocWeb.Projective/typed/Point3Dbl.T.cs:Point3Dbl	class	_SpocWeb.Root/_std/SpocWeb.Projective/typed/Point3Dbl.T.cs	code/value_object, code/geometry	Mathematics\Geometry\Vector.md, typed_geometric_primitives	structures	legacy	2
_SpocWeb.Root/_std/SpocWeb.Projective/typed/Point4D.T.cs:Point4DList	class	_SpocWeb.Root/_std/SpocWeb.Projective/typed/Point4D.T.cs	code/data_structure, code/geometry	Mathematics\Geometry.md, polygon	structures	legacy	1
_SpocWeb.Root/_std/SpocWeb.Projective/typed/Point4D.T.cs:Point4D	class	_SpocWeb.Root/_std/SpocWeb.Projective/typed/Point4D.T.cs	code/value_object, code/geometry	Mathematics\Geometry\Vector.md, typed_geometric_primitives	structures	legacy	2
_SpocWeb.Root/_std/SpocWeb.Projective/typed/Point4Dbl.T.cs:Point4Dbl	class	_SpocWeb.Root/_std/SpocWeb.Projective/typed/Point4Dbl.T.cs	code/value_object, code/geometry	Mathematics\Geometry\Vector.md, typed_geometric_primitives	structures	legacy	2
_SpocWeb.Root/_std/SpocWeb.Projective/typed/Segment2D.cs:Segment2D	class	_SpocWeb.Root/_std/SpocWeb.Projective/typed/Segment2D.cs	code/value_object, code/geometry	Mathematics\Geometry.md, line_segment	structures	legacy	1
_SpocWeb.Root/_std/SpocWeb.Projective/typed/Segment3D.cs:Segment3D	class	_SpocWeb.Root/_std/SpocWeb.Projective/typed/Segment3D.cs	code/value_object, code/geometry	Mathematics\Geometry.md, line_segment	structures	legacy	1
_SpocWeb.Root/_std/SpocWeb.Projective/typed/TriVector4D.cs:TriVector4D	class	_SpocWeb.Root/_std/SpocWeb.Projective/typed/TriVector4D.cs	code/value_object, code/vector_math	Mathematics\Geometry\Vector.md	domain	stable	3
_SpocWeb.Root/_std/SpocWeb.Projective/typed/Vector2D.cs:XVector2	class	_SpocWeb.Root/_std/SpocWeb.Projective/typed/Vector2D.cs	code/extension_method, code/complex_math	Mathematics\Geometry\Vector.md	domain	stable	2
_SpocWeb.Root/_std/SpocWeb.Projective/typed/Vector2D.cs:XVector2.Times(Complex,Vector2)	method	_SpocWeb.Root/_std/SpocWeb.Projective/typed/Vector2D.cs	code/extension_method, code/vector_rotation, code/complex_math	Mathematics\Geometry\Vector.md	domain	stable	2
_SpocWeb.Root/_std/SpocWeb.Projective/typed/Vector2D.cs:Vector2D	class	_SpocWeb.Root/_std/SpocWeb.Projective/typed/Vector2D.cs	code/value_object, code/vector_math	Mathematics\Geometry\Vector.md	domain	stable	3
_SpocWeb.Root/_std/SpocWeb.Projective/typed/Vector3D.cs:Vector3D	class	_SpocWeb.Root/_std/SpocWeb.Projective/typed/Vector3D.cs	code/value_object, code/vector_math	Mathematics\Geometry\Vector.md	domain	buggy	3
_SpocWeb.Root/_std/SpocWeb.Projective/typed/Vector4D.cs:Vector4D	class	_SpocWeb.Root/_std/SpocWeb.Projective/typed/Vector4D.cs	code/value_object, code/homogeneous_coordinates	Mathematics\Geometry\Vector.md	domain	stable	3
_SpocWeb.Root/_std/SpocWeb.Projective/PgaGui/PgaGui/App.xaml.cs:App	class	_SpocWeb.Root/_std/SpocWeb.Projective/PgaGui/PgaGui/App.xaml.cs	code/wpf_application	projective_geometric_algebra	presentation	stable	1
_SpocWeb.Root/_std/SpocWeb.Projective/PgaGui/PgaGui	folder	_SpocWeb.Root/_std/SpocWeb.Projective/PgaGui/PgaGui	code/wpf_application	projective_geometric_algebra	presentation	stable	2
_SpocWeb.Root/_std/SpocWeb.Projective/PgaGui/PgaGui/MainWindow.xaml.cs:MainWindow	class	_SpocWeb.Root/_std/SpocWeb.Projective/PgaGui/PgaGui/MainWindow.xaml.cs	code/wpf_application	projective_geometric_algebra	presentation	stable	2
